0.61532,-1.1072,0
-0.80069,0.59908,0
-0.70984,0.70436,0
0.59479,1.1183,0
0.41828,-0.90832,0
1.2763,-0.84987,0
0.67615,-1.3762,0
0.67508,-1.3767,0
0.21832,-1.2477,0
0.99687,0.079042,0
0.011176,1.5333,0
0.54064,-0.84125,0
1.0489,-0.71014,0
-1.2157,-0.35554,0
-0.84012,-0.5424,0
-0.54668,1.1426,0
-1.5261,-0.14849,0
-1.5046,0.29528,0
0.38975,-0.92092,0
-1.5237,-0.17133,0
-0.59222,0.80578,0
-0.20938,-1.2492,0
0.83787,0.94996,0
0.015843,-0.99987,0
1.4756,0.4167,0
-0.75487,1.0172,0
0.93667,0.8527,0
-0.38581,1.2065,0
-0.59106,-0.80663,0
-0.96614,0.25803,0
1.2115,0.93993,0
0.19407,-1.521,0
0.35699,-0.93411,0
1.1782,0.46499,0
1.1356,0.56105,0
1.2667,0.0004329,0
0.58275,1.1247,0
1.2197,-0.92923,0
-0.30317,0.95294,0
-0.72619,0.68749,0
-0.98071,-0.19547,0
-0.78733,0.61653,0
-1.1981,-0.41104,0
1.5253,-0.15664,0
-0.97123,0.81311,0
-0.25295,0.96748,0
-0.046256,-1.2658,0
1.5332,0.01729,0
0.0079798,-0.99997,0
-0.81065,0.58553,0
0.35525,1.2158,0
1.5249,-0.16042,0
0.62474,-0.78084,0
0.88766,-0.46051,0
-0.89269,0.45067,0
0.46929,-0.88305,0
-1.2022,-0.39905,0
0.57999,1.4194,0
0.31536,-1.5006,0
-0.80008,-0.59989,0
1.2176,-0.93194,0
-1.4124,-0.59679,0
0.6588,0.75231,0
0.90402,-1.2385,0
0.53198,-0.84676,0
-1.2179,0.34814,0
0.71071,0.70348,0
-1.3336,-0.75677,0
-0.72012,1.3537,0
0.76009,-1.3317,0
1.3763,-0.67596,0
0.23844,1.5147,0
-1.1569,-0.51579,0
-0.79034,-1.314,0
-1.2592,-0.13735,0
-0.63315,-0.77403,0
-1.0762,1.0922,0
0.96089,0.27694,0
-0.48453,-0.87477,0
0.99956,0.029623,0
-0.64971,-0.76018,0
-0.6266,-0.77934,0
-0.24035,-0.97069,0
0.30882,1.2284,0
-0.12911,1.2601,0
0.20259,-1.2504,0
0.84314,0.94529,0
-0.41702,1.196,0
0.71139,-0.7028,0
0.41293,-1.4767,0
-1.4404,0.52574,0
1.1706,-0.48387,0
0.97206,-0.81213,0
1.2826,0.84026,0
-0.49003,1.168,0
1.5031,-0.30307,0
0.98283,1.1769,0
-0.94454,0.84398,0
0.54237,-0.84014,0
-1.5299,0.10327,0
-0.98948,1.1713,0
1.2281,-0.91812,0
0.83264,-0.55382,0
-0.83974,0.54299,0
-0.056637,1.2654,0
0.89848,-0.43902,0
1.2157,-0.35555,0
0.39426,-0.919,0
1.3907,-0.64589,0
1.3394,0.74638,0
-0.7349,-0.67817,0
-1.4071,-0.60917,0
-0.07473,1.5315,0
1.2486,0.89002,0
-1.2196,-0.34216,0
-1.5317,-0.069885,0
-1.324,0.77334,0
1.2545,-0.17496,0
0.51789,1.156,0
0.78405,-0.99484,0
-1.5275,-0.13341,0
-0.36477,-1.4893,0
0.66587,1.0775,0
0.93762,-0.34765,0
0.88733,0.90393,0
0.83173,-0.55518,0
-0.99283,0.11952,0
-0.58767,-1.1221,0
0.8841,-1.2528,0
-0.092167,1.2633,0
0.82418,-0.56632,0
0.44631,-1.4669,0
-0.15871,-1.2567,0
0.50891,-0.86082,0
-1.5332,-0.022941,0
-1.259,0.13886,0
-0.39892,-0.91698,0
0.096074,1.5303,0
0.96782,0.25164,0
1.2527,0.1879,0
-1.1096,-0.61092,0
-0.059749,1.5322,0
-0.31917,-0.9477,0
1.2402,0.2576,0
1.1182,0.59499,0
-0.56343,1.1345,0
-0.90039,0.89093,0
-1.0875,-0.64942,0
1.0332,0.73276,0
-0.50761,-0.86158,0
0.17197,-1.2549,0
1.0869,-1.0816,0
-0.35944,-1.4906,0
-0.82141,0.57034,0
0.72157,0.69234,0
0.98358,-0.1805,0
0.81134,-0.97271,0
0.93713,0.34897,0
1.2674,-0.86308,0
0.072299,0.99738,0
-0.68595,1.0649,0
-0.88649,0.90476,0
-0.4376,1.4696,0
1.1008,0.62665,0
1.2624,-0.10347,0
-0.9745,1.1838,0
-1.2703,0.85882,0
-0.091821,-0.99578,0
-1.0315,0.73509,0
1.5231,-0.17695,0
0.5221,-1.1541,0
1.0641,-0.68719,0
1.1486,-0.53394,0
-0.2444,-1.2429,0
1.5307,-0.088997,0
0.031351,-1.2663,0
-1.2381,-0.90456,0
-0.76912,-1.3265,0
0.78359,0.62128,0
1.0785,-1.0899,0
0.83673,-1.2849,0
-0.70478,-1.3618,0
0.14205,1.2587,0
-0.47652,1.1736,0
0.96323,0.82258,0
1.126,-1.0408,0
0.34513,1.494,0
-0.97844,0.20654,0
0.1908,1.5214,0
-0.88792,1.2501,0
1.2587,-0.14148,0
-0.22956,-1.5161,0
1.0322,-0.7342,0
-0.49494,-0.86893,0
-0.41423,-1.4763,0
1.5318,-0.069164,0
0.91696,0.87386,0
-1.163,0.50198,0
-1.2086,0.37902,0
1.5243,0.16628,0
-0.15958,-1.525,0
1.1357,1.0302,0
0.62405,-1.4006,0
0.21172,-1.5186,0
1.4185,-0.58233,0
-0.25716,-1.5116,0
0.73765,0.67518,0
-0.22474,1.2466,0
0.762,1.0118,0
1.2829,-0.83985,0
0.23993,-1.2437,0
-0.71236,1.0474,0
0.42135,-0.9069,0
-0.45839,-1.4632,0
0.11634,-1.5289,0
-0.9715,1.1863,0
-0.88718,-0.90408,0
1.2028,0.39704,0
0.99025,-0.13933,0
1.0824,1.0861,0
0.8272,-0.95926,0
1.0858,0.65234,0
1.0872,1.0812,0
0.46592,1.4608,0
-0.97359,-0.2283,0
1.068,1.1002,0
1.0609,-0.69199,0
-0.7108,1.0484,0
-0.52737,-0.84964,0
-1.1758,-0.47119,0
-1.1255,-0.58113,0
0.54199,1.1449,0
-1.328,-0.76646,0
0.49345,-0.86977,0
0.39572,1.4814,0
-1.1905,0.43265,0
-0.081586,1.264,0
-0.70742,-1.0507,0
1.0734,-1.0949,0
0.97564,1.1829,0
-1.1654,0.99649,0
-1.1886,0.43768,0
-1.3875,-0.65274,0
-0.94201,1.2098,0
0.84414,-0.53612,0
-0.99911,0.042144,0
1.1259,-0.58036,0
0.026867,-1.2664,0
-0.12533,1.2605,0
-1.4835,0.38761,0
-0.36662,-0.93037,0
-0.041419,1.5328,0
-0.33252,1.2222,0
0.99931,-0.037102,0
-0.24526,-0.96946,0
-0.30086,0.95367,0
1.0916,1.0768,0
-0.66684,0.7452,0
0.037209,1.5329,0
-1.5271,-0.13858,0
1.1298,-0.57279,0
0.94108,-0.84782,0
0.066101,-0.99781,0
-1.4747,-0.42013,0
-0.92449,-0.38119,0
-0.77951,0.62639,0
0.039418,-1.2661,0
-1.468,0.44295,0
0.554,-1.1391,0
-0.91973,0.39255,0
0.66271,1.0795,0
0.9589,0.28373,0
0.98975,1.1711,0
1.4197,-0.57924,0
-0.25709,-0.96639,0
0.14047,-1.5269,0
-0.4507,0.89268,0
0.25722,-1.5116,0
1.0931,1.0753,0
0.14384,-0.9896,0
0.071401,-1.5317,0
-1.2752,-0.8515,0
-1.518,-0.21664,0
1.4027,0.61924,0
-0.46981,1.1763,0
1.2144,0.35994,0
-0.99991,0.01324,0
-0.69266,0.72126,0
1.0948,0.63714,0
0.058025,-1.2653,0
-1.4609,0.46568,0
-1.3803,-0.6678,0
-0.97824,0.20748,0
0.067157,-1.5319,0
-0.48901,0.87228,0
-0.78078,0.62481,0
0.2241,-0.97457,0
-0.28069,0.9598,0
0.87739,-0.47977,0
0.97034,-0.24173,0
-0.62745,1.1003,0
0.88848,-1.2497,0
0.90968,-1.2343,0
-1.0381,1.1285,0
0.17921,1.2539,0
0.63681,1.3948,0
-0.32016,-0.94736,0
1.4294,0.55497,0
1.5312,0.080032,0
0.87843,0.91258,0
1.2603,-0.12684,0
-0.90726,-0.42058,0
0.81454,0.58011,0
-1.0356,0.72932,0
-0.91433,0.40497,0
-1.4092,0.60447,0
0.51054,-1.4458,0
-1.2458,-0.22921,0
-0.88628,-0.90496,0
0.28065,-1.2352,0
0.48503,1.1701,0
0.78967,-0.99039,0
-0.26984,-1.2376,0
0.8596,0.93034,0
-0.413,-0.91073,0
0.99578,-0.091733,0
-0.69289,-0.72104,0
0.092675,1.5305,0
-1.4411,-0.52382,0
-1.1903,0.43318,0
-0.73308,-1.3467,0
-0.57551,-1.1284,0
-1.2662,0.034418,0
0.29073,1.2329,0
0.54187,0.84046,0
-1.2878,-0.83231,0
-0.098699,-1.2628,0
0.87034,-0.49246,0
0.86927,1.2631,0
0.67681,1.0707,0
-1.2663,0.03214,0
1.4908,0.35873,0
-0.99961,-1.1627,0
0.92428,-0.86612,0
-1.5284,0.12302,0
-1.2242,0.32516,0
-1.527,0.13884,0
-0.91324,0.40743,0
0.87265,0.91811,0
-1.0413,-1.1255,0
1.3973,0.63141,0
-0.65313,-0.75725,0
0.84038,-0.94773,0
0.19399,1.521,0
1.0172,-0.75482,0
0.12307,-1.5284,0
-0.98394,0.17847,0
1.0072,0.76809,0
0.91613,0.40089,0
-0.86153,-1.2684,0
1.4868,0.37491,0
1.1553,-0.51929,0
0.56879,-0.82248,0
-0.50836,-0.86115,0
-0.15459,0.98798,0
0.71617,-1.0448,0
0.81974,0.96564,0
-0.77953,0.99838,0
0.97748,-0.80559,0
-0.017762,-0.99984,0
0.72283,1.0402,0
0.22397,-1.5169,0
-1.0171,0.755,0
-0.13802,-1.2591,0
0.53435,1.1484,0
-1.2791,-0.84554,0
0.4218,1.4742,0
0.85176,-0.52393,0
-0.51778,0.85551,0
0.53115,-1.1499,0
0.74936,-0.66217,0
-0.32848,-1.2233,0
-1.2026,0.39781,0
-0.3636,-1.2134,0
1.4542,-0.48609,0
0.56469,0.82531,0
-1.1623,-1,0
1.0458,-0.71467,0
0.99277,1.1686,0
-1.2219,0.92629,0
-0.48151,-1.4558,0
-0.39953,1.4804,0
-0.013342,-0.99991,0
1.3987,-0.6283,0
0.89642,0.89492,0
1.0927,-0.64067,0
-0.98998,0.79018,0
-0.34178,0.93978,0
0.98285,-1.1769,0
1.4616,-0.4635,0
0.93212,0.36214,0
-0.78923,0.99074,0
-0.99964,0.026669,0
-0.32505,-0.9457,0
-0.22375,-1.2467,0
-1.1777,-0.46639,0
1.0622,-0.69003,0
-0.9935,-0.11384,0
-0.068137,0.99768,0
0.21417,-1.5183,0
-0.85549,-0.51783,0
0.14305,1.2586,0
0.95623,-0.8307,0
0.31841,0.94795,0
1.1897,0.43475,0
0.66092,-0.75046,0
0.95134,-0.30816,0
-0.18546,-1.5221,0
-1.2065,0.9463,0
1.1434,-0.54502,0
0.44666,-0.89471,0
0.97964,-0.80297,0
1.1789,-0.46317,0
-0.49187,1.1673,0
-0.51611,-1.1568,0
0.13864,-1.2591,0
-1.5227,-0.18006,0
-0.71655,0.69754,0
1.2323,-0.29297,0
0.4931,-0.86997,0
-0.34238,1.4946,0
-1.2656,-0.051759,0
-0.13698,-1.5272,0
0.78735,0.99223,0
-0.81795,0.96716,0
-0.57017,1.1311,0
0.77619,1.001,0
-0.52964,-1.439,0
-0.36904,0.92941,0
0.16382,1.256,0
1.3348,0.75465,0
0.95397,-0.29991,0
-0.38859,1.4833,0
-0.37347,1.4872,0
-0.09985,-1.2627,0
-1.2204,0.92834,0
-0.34731,-1.4935,0
-0.94986,-0.83798,0
-0.11127,1.5293,0
-0.79829,-0.98345,0
-0.99429,-0.1067,0
0.91663,0.39974,0
0.96835,0.24961,0
0.42751,-0.90401,0
0.8573,-0.93246,0
-1.1076,-0.6146,0
-0.38083,0.92464,0
0.40697,0.91344,0
0.94091,-0.84802,0
-1.113,0.60465,0
0.66424,-1.0785,0
-0.77663,1.0006,0
-1.005,-1.1581,0
-1.3518,0.72369,0
-0.8046,0.59382,0
0.41648,1.1962,0
-1.4936,0.3467,0
0.85919,0.93072,0
0.99123,0.13217,0
0.6346,-1.0962,0
0.93569,-0.85377,0
-0.20966,-0.97777,0
-0.74745,0.66432,0
1.0976,-0.63221,0
0.4924,1.167,0
1.2516,-0.19472,0
0.76299,-1.0111,0
0.46549,0.88505,0
1.0789,-0.66368,0
0.86756,-0.49732,0
-1.2661,-0.039308,0
1.2235,-0.32798,0
-1.0557,0.69999,0
-0.86512,-0.92521,0
0.64372,-1.3917,0
1.2661,-0.86488,0
0.76542,1.3286,0
1.4619,-0.46241,0
0.96045,0.27844,0
1.1011,1.067,0
-0.82718,0.56193,0
0.86153,1.2684,0
-0.44045,-1.4687,0
1.5279,0.12897,0
0.35813,-1.4909,0
-0.18703,0.98235,0
-0.22888,0.97345,0
-0.97314,-0.81083,0
-0.34915,0.93707,0
1.2645,-0.074349,0
-1.0077,-0.76739,0
0.2478,-1.2422,0
0.19998,1.2508,0
1.4414,-0.52289,0
-0.28497,1.5066,0
1.0223,-1.1428,0
0.99987,-0.015925,0
-0.766,-1.3283,0
-1.4981,-0.32687,0
-0.11804,-0.99301,0
-0.20928,-1.519,0
-0.75771,1.015,0
-1.243,0.24366,0
-1.5159,0.23078,0
1.5195,-0.20582,0
0.982,-0.1889,0
-1.5204,-0.1985,0
0.28153,-0.95955,0
-0.10184,-1.2626,0
1.3875,-0.65256,0
1.5254,-0.15539,0
-1.4327,-0.54639,0
-0.7521,-0.65905,0
-0.91066,0.41315,0
-0.35356,-1.492,0
1.483,-0.38969,0
-1.184,0.4501,0
1.2821,0.84097,0
1.4147,0.59133,0
-1.0868,0.6506,0
0.98055,-1.1788,0
0.99496,-0.10027,0
0.55115,1.4309,0
-0.28418,-0.95877,0
-0.7077,0.70652,0
-0.69031,1.062,0
-0.79538,-1.3109,0
-0.98959,-0.1439,0
-0.49981,0.86614,0
0.93105,-0.85883,0
-0.6327,0.7744,0
0.92759,0.3736,0
0.98771,-0.79302,0
-1.2711,0.85762,0
-0.99876,0.049831,0
-0.86115,-0.9289,0
0.88633,0.90491,0
0.96744,-0.25311,0
-0.85177,1.275,0
1.4283,0.55784,0
0.67493,-1.0719,0
1.5268,-0.14155,0
0.87368,0.91713,0
0.92609,-0.3773,0
0.80199,0.59734,0
1.2616,0.11305,0
-0.29402,-0.9558,0
1.0896,1.0788,0
-1.4719,-0.4298,0
0.74023,-0.67235,0
-0.69807,1.3652,0
1.2641,-0.080031,0
-0.93842,0.3455,0
-1.1533,0.52376,0
-1.3576,0.71276,0
-0.49748,-0.86748,0
0.9824,0.18679,0
0.46631,1.1777,0
-0.51346,0.85811,0
-0.95006,0.83775,0
1.5328,0.039376,0
-0.16101,1.5249,0
-0.96196,0.27319,0
-0.90634,0.88487,0
0.33704,-0.94149,0
-0.9863,-1.174,0
-0.74945,-0.66206,0
-0.19703,0.9804,0
-1.5327,-0.044204,0
0.87713,-0.48024,0
1.4364,-0.53648,0
0.99692,-0.078419,0
-0.97029,-0.81423,0
0.73785,1.3441,0
0.93403,0.35719,0
1.1786,0.98078,0
-1.3995,-0.62658,0
-0.091906,1.5306,0
0.53091,1.4385,0
1.1645,-0.49843,0
-0.896,-1.2443,0
0.92473,-0.86563,0
0.93831,-0.85089,0
-0.62373,0.78164,0
-0.091229,-1.2634,0
-1.0044,0.77175,0
-0.090861,0.99586,0
-0.64909,0.76071,0
-1.3312,0.76099,0
-0.041043,-0.99916,0
-1.0695,-0.67863,0
1.0237,1.1416,0
-0.086878,-1.2637,0
-0.38107,0.92455,0
1.52,0.20167,0
0.99118,0.13249,0
-0.99078,-0.13545,0
-0.99505,0.099367,0
-0.99638,0.085012,0
-0.57412,-1.1291,0
-1.4504,-0.49758,0
-0.24846,-1.2421,0
-0.1533,-1.5257,0
-0.38563,-0.92265,0
0.24141,1.2435,0
0.54342,0.83946,0
1.2036,0.94997,0
-1.4763,0.41429,0
-0.99985,0.017499,0
-1.1367,-1.029,0
0.72744,0.68617,0
-0.47086,-1.4592,0
1.2587,-0.14181,0
-1.1889,0.96833,0
0.462,-0.88688,0
0.14948,1.2578,0
-0.13693,-1.5272,0
1.2346,-0.28324,0
1.3651,0.69835,0
-1.1048,0.61952,0
-0.071571,-0.99744,0
-1.519,-0.20893,0
0.57594,1.4211,0
0.49676,-1.1652,0
0.67148,0.74102,0
-1.3232,0.77481,0
-0.057144,1.2654,0
-0.1898,-1.2524,0
1.4763,-0.4142,0
-0.11896,-1.2611,0
-1.3281,0.76641,0
-1.5285,0.12151,0
0.76692,-0.64175,0
0.73829,0.67448,0
0.78152,-0.62388,0
-1.2373,-0.27096,0
-0.32063,-0.9472,0
-0.56889,1.1317,0
-0.86583,-1.2655,0
0.53933,-0.8421,0
1.091,-0.64349,0
-0.64823,0.76145,0
0.4041,1.2005,0
-0.9941,-0.10845,0
0.83029,-0.95659,0
-0.73798,0.67483,0
-1.5198,-0.20349,0
-0.5053,1.1615,0
1.0246,0.7448,0
-0.27506,1.2364,0
-0.29417,1.5048,0
0.76351,0.6458,0
1.2364,0.27529,0
0.2065,-1.5194,0
-1.4987,-0.32408,0
-1.4825,0.39159,0
-1.5283,-0.12467,0
-0.54251,-1.1446,0
0.99609,-0.088354,0
-0.23738,0.97142,0
1.0046,-0.77153,0
0.90838,0.88277,0
0.25239,0.96762,0
0.99088,0.13477,0
0.076336,-0.99708,0
0.44102,1.4685,0
-1.3734,-0.68185,0
0.70237,0.71181,0
-0.16097,-1.5249,0
0.9611,-0.2762,0
-1.329,-0.76482,0
-0.2152,-1.2483,0
0.062755,-0.99803,0
0.74448,1.0248,0
0.030332,-1.2663,0
-0.028614,1.2663,0
0.98398,-0.1783,0
1.1913,-0.43054,0
-0.6048,1.113,0
0.94971,0.31312,0
-1.5294,0.10945,0
-1.2109,0.94066,0
-0.55763,1.4283,0
0.92407,0.38223,0
0.99755,0.070006,0
0.92332,-1.2242,0
0.15504,1.2571,0
-0.060411,-1.5321,0
1.533,-0.030735,0
1.0664,1.1018,0
-0.24009,-1.2437,0
1.1924,0.42736,0
1.2662,0.035731,0
-0.46382,1.4615,0
-0.2926,0.95623,0
-1.3288,0.76515,0
-0.044493,1.2659,0
-1.2635,0.089742,0
0.76653,-0.64221,0
1.1329,0.56649,0
-0.76814,-1.0072,0
-0.52074,-0.85371,0
1.1264,-0.5793,0
-0.4704,-1.1761,0
0.24607,0.96925,0
1.1545,1.0091,0
0.11867,1.5287,0
-1.2558,-0.16534,0
-0.76123,-0.64848,0
-0.99687,-0.079036,0
0.62799,-1.3988,0
-0.39752,-0.91759,0
-0.62374,1.4007,0
-0.98052,-0.19642,0
0.9209,-0.86971,0
-0.027911,-0.99961,0
0.2113,0.97742,0
-0.50776,-0.8615,0
-0.99475,-0.10234,0
-0.15969,-1.525,0
1.5141,-0.24184,0
-0.19521,1.2515,0
0.071836,-1.2646,0
-0.77694,-0.62958,0
-0.25621,0.96662,0
-1.0201,1.1447,0
0.23178,1.2453,0
-0.69239,-1.3681,0
0.44505,1.1859,0
0.65357,-0.75687,0
0.57071,1.4232,0
-0.42656,1.4728,0
-1.0122,0.7615,0
0.8501,-0.93903,0
0.0012579,1.2667,0
0.54103,-1.1453,0
-0.32868,-0.94444,0
0.97629,0.21647,0
-0.98017,-0.19817,0
-0.55749,1.1374,0
0.74479,-1.3403,0
-0.28094,0.95972,0
-1.0925,1.0759,0
-1.5294,-0.10908,0
0.80518,-0.59304,0
-1.0062,-1.157,0
-0.82632,-0.5632,0
-0.99981,0.77771,0
-1.2113,0.37036,0
1.2422,-0.24794,0
-0.65116,-1.0865,0
-0.50702,-1.4471,0
-0.85171,0.52401,0
1.0535,0.70325,0
0.96953,-0.24498,0
-0.30232,-1.2301,0
1.4444,-0.51458,0
-0.42025,1.4746,0
-0.42516,-1.1932,0
0.13611,0.99069,0
-1.0864,1.082,0
-1.1288,0.57467,0
0.88949,-0.45695,0
-0.98914,1.1716,0
-0.92737,-0.37416,0
1.2482,0.89056,0
0.98407,-0.1778,0
0.39049,1.4828,0
0.3938,-1.2039,0
-1.5252,-0.15795,0
-1.2854,0.83592,0
-1.0462,0.71414,0
1.3466,-0.73325,0
0.42718,-1.1925,0
-1.3276,0.76724,0
-0.74125,1.0271,0
1.2663,0.030197,0
-0.9735,0.2287,0
-0.5397,-1.4352,0
-0.47073,1.176,0
0.38158,-0.92433,0
0.99179,-0.78791,0
0.93521,-1.2151,0
0.95961,-0.28133,0
0.36871,-1.4883,0
-0.92637,-0.37661,0
-1.2254,-0.32058,0
-0.81145,-0.58442,0
0.87455,-0.48494,0
0.8897,0.45654,0
1.2416,-0.25081,0
-0.82102,0.5709,0
-1.5287,-0.11899,0
1.0473,0.71247,0
-1.4557,0.48163,0
0.98208,-0.18847,0
1.4164,-0.5874,0
1.5023,0.30715,0
-0.17436,-1.2546,0
0.40138,-1.2014,0
-0.9298,-0.36807,0
0.6554,0.75529,0
0.62355,-0.78178,0
0.78586,-0.61841,0
-0.93971,-0.34196,0
-0.77789,0.99966,0
1.2188,0.34509,0
-0.56919,1.4238,0
0.1751,-1.2545,0
0.87082,-0.91985,0
0.38814,-0.9216,0
-0.14302,1.2586,0
0.42189,-1.1943,0
-0.56801,0.82302,0
0.11249,-0.99365,0
1.2039,0.94954,0
0.99806,0.062232,0
1.3867,0.65445,0
0.9288,0.37058,0
1.4908,0.35861,0
-1.2134,-0.93737,0
-0.27627,-1.5082,0
-1.2542,-0.17703,0
1.4457,0.51106,0
0.36221,0.9321,0
0.98144,-0.19178,0
-0.40181,0.91572,0
-1.0072,-1.1561,0
-0.046201,1.5326,0
-1.0533,1.1143,0
-1.2666,0.013213,0
-1.2262,0.3175,0
-0.081374,1.2641,0
0.99038,-0.1384,0
-0.90679,0.42158,0
0.71026,1.3589,0
0.61571,-0.78797,0
0.56105,0.82778,0
0.8905,-0.45497,0
1.2701,0.85905,0
1.5295,0.10847,0
-0.73853,1.0291,0
1.2587,-0.14159,0
0.27608,-1.2362,0
-0.65779,1.3851,0
1.5287,-0.11886,0
0.71742,1.0439,0
1.0875,-1.0809,0
0.86943,-0.49405,0
-1.5312,0.081007,0
-0.68647,-1.0645,0
0.38846,0.92146,0
1.0148,1.1495,0
0.80441,-1.3054,0
-1.432,0.54813,0
-0.83095,-0.95602,0
-1.0615,-1.1065,0
-0.39757,-0.91757,0
-1.2155,-0.93469,0
-1.0293,1.1365,0
0.63409,-1.3961,0
0.42266,-0.90629,0
-0.1757,-1.2544,0
-0.84488,1.2796,0
1.4858,-0.37887,0
0.28612,1.5064,0
1.3147,0.78903,0
1.1992,-0.40781,0
0.45071,1.1838,0
0.86644,1.2651,0
0.87001,-0.49303,0
-0.29386,-1.5049,0
0.17357,1.5235,0
-1.2483,-0.21466,0
-0.46924,-1.1765,0
-0.23937,0.97093,0
0.11248,-1.2617,0
0.17684,-0.98424,0
0.050453,-1.2657,0
-1.0781,-1.0904,0
0.60677,-1.1119,0
0.36886,0.92948,0
1.2649,-0.067748,0
0.37198,1.4875,0
0.58519,0.8109,0
-0.77892,0.62712,0
-0.22152,0.97516,0
1.1359,-0.56047,0
0.79922,-0.60104,0
1.3104,-0.79627,0
-0.40817,1.1991,0
1.4446,-0.51394,0
1.1215,-0.58872,0
-0.34392,-1.2191,0
-1.3939,0.63889,0
-1.1863,-0.97154,0
-1.4615,0.46369,0
0.99986,-0.016629,0
-0.63255,-0.77452,0
0.27085,0.96262,0
-0.2535,-1.5122,0
-0.50081,1.4492,0
0.77306,0.63434,0
-1.4694,0.43799,0
-0.32306,-1.2248,0
1.1784,-0.46445,0
-0.34227,-0.9396,0
0.68177,-0.73157,0
-0.88282,-0.46972,0
1.0935,1.0749,0
-0.42256,-0.90633,0
0.32111,1.4993,0
1.0076,-0.76759,0
-1.2694,-0.86005,0
0.0015502,1,0
-1.5302,-0.098382,0
0.68941,0.72437,0
0.99944,0.033559,0
0.99245,0.12269,0
0.98546,0.16989,0
0.64445,1.0905,0
0.7472,0.6646,0
-1.3005,-0.81231,0
-0.98826,-1.1724,0
1.2596,0.13349,0
-1.2633,-0.091667,0
0.58917,-1.4156,0
-0.95462,0.29781,0
-0.9977,-1.1643,0
0.22515,0.97432,0
-0.88404,1.2528,0
1.222,0.3333,0
1.3884,0.65078,0
0.71317,0.70099,0
0.36492,1.213,0
0.057165,-1.2654,0
-0.64583,-0.76348,0
-1.459,0.47153,0
-0.064047,-0.99795,0
-0.79966,0.98234,0
-0.040703,-1.266,0
0.99915,-0.041117,0
1.1101,0.61,0
0.080807,-0.99673,0
-0.66532,1.3815,0
0.95296,-0.3031,0
-0.65055,-1.0868,0
1.4242,0.56804,0
0.9867,-0.79427,0
-0.087439,0.99617,0
-1.2186,0.34549,0
1.5153,0.23429,0
-0.99983,1.1625,0
0.99194,0.12667,0
-1.0639,0.68737,0
-0.95169,0.30707,0
0.76047,1.3315,0
1.2157,0.35559,0
-0.99395,0.10982,0
0.17134,-1.255,0
0.80258,-1.3065,0
-0.47596,0.87947,0
-0.16443,-1.2559,0
0.93681,0.34983,0
-1.1736,-0.98681,0
-0.77021,1.3259,0
0.096137,-0.99537,0
-0.43722,-1.4697,0
-1.3751,0.67838,0
1.5161,-0.22955,0
-1.0547,-0.70144,0
0.56451,1.4256,0
0.3515,1.2169,0
-0.44984,1.4659,0
-0.81811,1.2968,0
0.77384,-0.63338,0
-0.50283,1.1626,0
0.96209,0.27274,0
-0.75748,1.0152,0
1.5326,0.047906,0
-0.81148,1.301,0
1.5109,-0.26125,0
-1.4094,-0.60388,0
-1.2524,0.18963,0
-0.013124,1.5333,0
1.2368,-0.90631,0
0.74997,-0.66148,0
-0.50238,1.4487,0
0.38865,1.4833,0
0.93846,0.34539,0
1.0808,0.6606,0
-8.27E-05,-1.2667,0
-1.0961,0.63479,0
0.32835,-1.2234,0
-1.2072,-0.38357,0
-0.56769,-0.82324,0
0.044021,-1.2659,0
-0.90778,-0.41945,0
0.24487,1.2428,0
-0.35171,-0.93611,0
0.99856,-0.053575,0
-0.9965,-0.0836,0
0.94798,-0.8401,0
-0.71223,1.0475,0
-1.3621,0.7041,0
0.64986,0.76006,0
1.1528,1.011,0
1.1036,-0.62174,0
0.8372,-0.95055,0
1.0255,-0.74345,0
-0.87866,0.47745,0
-1.1911,0.96556,0
0.46538,-0.88511,0
-0.75042,-1.3372,0
-0.44881,0.89363,0
0.95872,-1.1966,0
-0.97082,-0.2398,0
-0.99882,-0.04847,0
1.5052,0.29238,0
0.42066,-1.1948,0
0.91283,0.40833,0
-1.0746,0.67059,0
-0.80423,-0.9786,0
-0.98517,0.79617,0
-0.88876,-0.90252,0
-1.4583,-0.47369,0
0.23997,-1.5144,0
0.7119,0.70228,0
-0.62155,1.4017,0
-0.65859,-1.082,0
-1.5152,-0.23538,0
-0.98885,-0.14893,0
1.5328,0.040733,0
-0.72667,-0.68699,0
-0.023262,1.2665,0
0.98636,-0.79469,0
1.5251,0.15868,0
1.1153,0.60055,0
-0.80437,0.59413,0
-0.30447,-0.95252,0
-0.53192,-0.8468,0
0.37408,0.9274,0
-0.94608,-1.2067,0
-1.2535,0.18213,0
-1.2663,-0.02958,0
0.99971,0.023875,0
1.0423,0.71981,0
-0.061345,-1.2652,0
-0.139,0.99029,0
1.2592,0.13696,0
0.90273,0.43021,0
-0.46998,-0.88268,0
-1.4753,-0.41787,0
1.5207,-0.19679,0
0.976,0.80738,0
1.2582,0.14639,0
0.38465,1.2068,0
-0.54791,1.4321,0
1.2665,0.01928,0
-0.24339,1.2431,0
-0.089609,-1.5307,0
-0.59952,-1.4113,0
-1.2644,-0.075241,0
0.47931,-0.87765,0
-1.2599,0.13046,0
0.9081,0.88306,0
-0.99932,-0.036872,0
0.97029,-0.24195,0
0.98708,-0.1602,0
0.31152,-0.95024,0
-1.2508,-0.19999,0
-1.5312,-0.080584,0
-0.72323,-0.69061,0
0.88773,-1.2502,0
-1.2132,0.36407,0
-0.39259,-0.91971,0
-0.95504,0.29648,0
0.89267,-0.89865,0
1.504,-0.29873,0
0.31443,0.94928,0
-0.92234,-1.2249,0
1.2633,-0.091779,0
1.3393,0.74661,0
0.29141,1.5054,0
0.13728,0.99053,0
-0.41888,-0.90804,0
0.22522,-0.97431,0
0.67151,-0.74099,0
-1.4569,-0.47809,0
1.4293,0.55526,0
-0.66812,1.3801,0
0.51818,1.1558,0
-0.58156,0.8135,0
0.37731,1.2092,0
-0.70888,1.3596,0
0.67046,1.379,0
-0.1913,1.5214,0
0.99576,0.091959,0
0.76195,0.64764,0
-0.15584,-0.98778,0
-0.97239,-0.23335,0
-0.90243,-0.43084,0
0.83298,-0.5533,0
0.42207,-1.4741,0
0.48011,-0.87721,0
-0.053047,-1.5324,0
0.50762,0.86158,0
1.1788,0.46361,0
0.88224,0.47081,0
1.1995,-0.40701,0
-0.13186,-0.99127,0
0.76353,1.0107,0
-0.45671,-0.88961,0
-0.32535,1.4984,0
-1.1483,0.53476,0
-0.46708,0.88422,0
-1.2459,0.22826,0
-1.2702,-0.85894,0
-0.87682,-0.91413,0
-0.056211,-0.99842,0
-1.3274,-0.76752,0
-0.79945,-0.98251,0
-0.62009,-0.78453,0
0.8931,1.2464,0
-0.2314,-1.5158,0
1.5326,-0.047137,0
-1.5012,-0.31233,0
1.2357,-0.27844,0
0.27737,-0.96076,0
-0.6099,1.4068,0
1.021,0.74968,0
-0.60201,-0.79849,0
-1.0861,-0.65182,0
-0.90296,0.42972,0
0.94407,0.32975,0
1.2008,0.40318,0
1.5306,0.091339,0
0.36687,-0.93027,0
-0.782,-0.62328,0
0.7925,-0.60987,0
0.69764,-1.3654,0
-1.0473,-1.1199,0
1.4909,0.3584,0
0.90627,0.42269,0
-0.99726,0.07404,0
-1.2182,-0.34688,0
0.86503,0.50172,0
0.3569,0.93414,0
-0.4905,-0.87144,0
0.99992,0.012973,0
-0.80418,-0.59439,0
0.90475,-0.42595,0
-0.55323,-1.1395,0
-0.27541,1.5084,0
-0.46698,0.88427,0
1.5299,-0.10295,0
0.89674,-0.44257,0
-0.99385,-1.1676,0
0.63071,0.77602,0
-0.81596,-0.5781,0
1.1163,0.59866,0
-1.3524,0.72259,0
-1.4814,0.39553,0
0.31315,-0.9497,0
0.14916,1.5261,0
-0.98606,0.16637,0
-1.0375,-0.72673,0
0.7819,0.99653,0
1.001,-1.1615,0
-0.20093,0.97961,0
-0.98854,0.15098,0
0.97782,-0.20947,0
0.58817,-0.80873,0
1.212,-0.36803,0
1.1101,1.0577,0
-0.79507,-0.98605,0
0.9225,-0.38601,0
1.1494,0.53236,0
1.2643,0.076886,0
-0.19782,-0.98024,0
-0.20709,-1.2496,0
-0.76838,-0.63999,0
-0.79166,-0.9888,0
-0.91786,0.39691,0
-1.2917,0.82616,0
-1.2443,0.23703,0
0.50513,1.1616,0
-1.3511,0.72508,0
1.1053,0.61873,0
-0.81109,-0.58492,0
-1.2557,-0.1662,0
-0.91061,0.88048,0
-0.88412,-0.46726,0
0.24307,1.5139,0
-0.49251,-1.4521,0
-1.2272,-0.91927,0
-0.99994,0.010576,0
0.58036,1.1259,0
-0.17546,-0.98449,0
0.2726,0.96213,0
1.5329,-0.035296,0
0.82744,-0.56156,0
1.5153,0.23418,0
-0.86017,1.2693,0
-1.197,0.41421,0
0.06878,1.2648,0
-0.49619,0.86821,0
0.30475,0.95243,0
-1.2546,0.17448,0
1.2627,0.099724,0
0.50959,1.1596,0
-1.4533,-0.48902,0
-1.1012,0.6259,0
0.99247,0.78705,0
-0.94208,0.33538,0
0.69923,-0.7149,0
0.39805,-0.91737,0
-1.4043,-0.61571,0
-0.76988,-1.326,0
-0.57342,1.1294,0
0.10181,0.9948,0
-1.431,0.55069,0
0.49552,-0.8686,0
-0.92077,1.2261,0
0.71547,-0.69865,0
-0.015339,1.2666,0
-1.5312,-0.080503,0
0.16204,-1.5247,0
-0.26126,0.96527,0
1.2635,0.089243,0
0.081549,0.99667,0
-1.2289,-0.3071,0
-0.13581,1.2594,0
-0.87734,-1.2575,0
-1.0964,0.63434,0
-0.98675,-0.79421,0
1.5316,-0.071904,0
0.99456,-0.10418,0
-0.23977,1.2438,0
1.4951,-0.34008,0
1.2574,-0.1529,0
0.86406,-0.50339,0
-1.1904,0.43286,0
-0.85656,0.51605,0
1.1319,-0.56851,0
0.99994,-0.010677,0
0.47118,-0.88204,0
-0.26799,-1.238,0
-0.49756,-1.4504,0
0.68127,0.73203,0
-0.6673,-1.3805,0
-0.95264,0.30409,0
-0.066397,-1.5319,0
0.31413,-0.94938,0
0.93795,0.34676,0
-1.5188,-0.21075,0
0.94692,0.32148,0
-0.87153,-0.91918,0
0.98752,-0.15751,0
1.1093,-0.61156,0
1.2653,0.86605,0
0.60738,0.79441,0
0.048025,-0.99885,0
-0.7886,1.315,0
0.3556,1.2157,0
0.80839,-1.3029,0
-1.0934,-0.6394,0
-0.9082,-0.41853,0
0.31383,0.94948,0
-0.39631,-1.2031,0
-0.77665,1.3221,0
-0.76362,-1.3297,0
-1.1176,0.59624,0
0.52622,0.85035,0
-1.5328,-0.042234,0
-1.3872,0.65322,0
1.221,0.33711,0
0.61789,-0.78626,0
1.2331,-0.28959,0
0.24923,-1.5129,0
-0.93506,1.2152,0
0.024525,1.5331,0
0.60867,0.79343,0
1.2598,0.13188,0
-0.11191,-1.5292,0
-0.15282,1.2574,0
0.16337,1.2561,0
-1.5267,0.14238,0
0.86041,0.5096,0
0.98177,-0.19005,0
1.2435,0.24116,0
-1.533,0.030334,0
1.0379,0.72612,0
0.76954,-1.0061,0
1.523,0.17772,0
-1.189,0.96817,0
1.3583,-0.71147,0
0.49222,-0.87047,0
-1.4014,0.62219,0
-1.3384,-0.74825,0
-0.7537,0.65722,0
0.78688,-0.99261,0
-0.7855,-0.9937,0
-0.014412,-1.5333,0
-0.68566,0.72792,0
-1.0682,0.68069,0
-0.94322,-0.33217,0
-1.2331,-0.28975,0
-0.34001,-0.94042,0
-1.4976,0.32908,0
-1.2802,-0.84398,0
0.91803,-0.87273,0
0.98738,0.79343,0
0.56704,-0.82369,0
-1.0061,0.76959,0
-1.2382,0.26692,0
-0.18694,-1.2528,0
1.2143,-0.93624,0
0.26692,1.2382,0
-1.3443,-0.7376,0
-0.15757,0.98751,0
0.87042,0.92023,0
-0.45129,-1.4654,0
1.2622,0.10587,0
0.63755,1.3945,0
0.86584,-0.50032,0
0.79611,1.3105,0
-0.72456,-1.039,0
-0.86192,-0.50705,0
1.3843,-0.65936,0
0.99152,-0.12998,0
-0.48546,-0.87426,0
0.65228,0.75797,0
-1.2806,0.84327,0
1.4829,0.39016,0
-0.97066,0.24047,0
-0.7353,-1.0314,0
-1.5309,0.087148,0
-1.1322,-0.56788,0
0.80549,1.3047,0
-0.83661,0.95106,0
0.76545,-0.6435,0
0.74883,-0.66276,0
0.60237,1.4101,0
-0.34354,1.4944,0
1.3885,-0.65062,0
0.91023,-0.88087,0
0.70412,-1.3621,0
0.44202,0.89701,0
-1.2503,0.20269,0
0.68796,0.72575,0
1.4812,-0.39637,0
-0.1444,1.2584,0
-0.38102,-0.92457,0
-1.2621,-0.10732,0
-1.228,0.9182,0
-1.1625,0.50294,0
1.1944,0.9615,0
0.65941,1.0815,0
-0.97817,0.20779,0
1.4041,-0.6162,0
0.24774,-0.96883,0
0.66421,-1.382,0
1.0853,-1.0832,0
0.68369,-1.3725,0
-0.95899,0.28345,0
0.85917,0.5117,0
-0.72022,1.3537,0
-0.99238,0.12325,0
-0.59069,1.1205,0
-0.7458,-1.0238,0
-0.98885,-0.14888,0
0.26635,-0.96388,0
1.2168,-0.93304,0
-0.54951,0.83549,0
1.5078,0.27864,0
-0.95144,0.30784,0
0.93639,0.853,0
1.4218,-0.5742,0
-1.2617,0.11176,0
0.904,-0.42754,0
0.99186,0.12732,0
0.47736,-0.87871,0
0.69331,1.0601,0
1.5028,-0.30438,0
-0.8302,0.55747,0
-0.61002,-0.79239,0
0.68869,1.0631,0
0.99955,0.029919,0
0.77804,1.3213,0
-0.042609,-0.99909,0
-0.63767,0.77031,0
-0.62927,-0.77719,0
0.2084,1.5191,0
0.96618,-0.25786,0
0.86136,0.508,0
1.0617,0.69086,0
1.5278,0.13001,0
0.32991,1.2229,0
-0.61516,0.7884,0
-0.41693,0.90894,0
-0.87869,-0.47739,0
-1.0102,0.7641,0
-0.91633,-0.40042,0
0.30831,0.95129,0
1.2314,0.29667,0
0.93993,1.2115,0
0.76695,0.6417,0
-1.3723,0.68403,0
-1.1886,0.4379,0
0.69151,-0.72236,0
-0.11866,-1.2611,0
0.65168,-1.0862,0
0.30643,1.5024,0
0.2894,-0.95721,0
1.2845,0.83737,0
-0.43907,1.4691,0
0.99932,0.77833,0
1.2172,-0.93251,0
1.5048,0.29452,0
0.33199,0.94328,0
0.71054,1.0486,0
-0.061827,-0.99809,0
-1.2101,0.37421,0
-0.036407,-1.5329,0
-0.71166,0.70253,0
0.84171,-0.53993,0
0.45114,1.4655,0
-0.42983,-0.90291,0
-1.5018,0.30954,0
0.9471,-0.32094,0
0.65886,-1.0818,0
0.047801,-0.99886,0
-0.48853,0.87255,0
0.78753,-0.99209,0
-1.2611,-0.11817,0
-0.87672,-1.258,0
-1.1909,0.43157,0
0.9818,-0.18992,0
1.4207,-0.57676,0
-0.94759,0.31949,0
0.77468,0.63236,0
0.56642,0.82412,0
-0.44738,0.89434,0
0.85414,0.52004,0
0.93784,0.34706,0
1.4676,-0.44419,0
-0.52617,-0.85038,0
0.22307,-1.2469,0
-1.2506,0.20099,0
-0.91121,0.87985,0
0.9961,-0.088252,0
-0.9593,1.1962,0
0.58109,0.81384,0
0.93873,0.34466,0
1.2553,0.16965,0
-1.4361,-0.53727,0
0.55135,0.83427,0
-0.69722,0.71686,0
1.2538,-0.17981,0
-0.9875,1.173,0
0.99892,-0.046426,0
-0.70937,0.70484,0
1.4035,0.61754,0
0.53405,1.4373,0
0.72958,0.68389,0
-1.3117,0.79412,0
-0.82139,-0.57037,0
0.78842,-1.3151,0
-0.91336,-0.40715,0
1.1767,-0.98309,0
0.99982,-0.019007,0
-0.66331,1.3824,0
0.52461,-0.85134,0
0.89015,1.2485,0
-1.0006,0.77672,0
-0.52382,-1.1533,0
-0.39354,1.482,0
-0.75898,0.65112,0
1.1961,0.417,0
0.53497,-1.1482,0
1.0418,-0.72051,0
0.97745,-0.21115,0
-0.82917,-0.95756,0
-0.32034,0.9473,0
0.55894,-1.4278,0
-0.16157,-1.5248,0
0.24146,1.5142,0
1.5109,0.26117,0
0.53957,1.4353,0
1.1253,-1.0416,0
-0.61251,-1.1087,0
-1.4946,0.34226,0
-1.4917,-0.35476,0
-0.26167,1.2393,0
-1.1146,1.053,0
-1.023,-0.74692,0
0.5819,0.81326,0
-1.0703,0.67742,0
-1.2358,0.27808,0
-0.97626,0.2166,0
0.49097,1.1676,0
1.4201,-0.57825,0
0.22178,0.9751,0
-1.012,-1.152,0
1.2623,0.10496,0
0.79216,0.98839,0
-0.36587,-0.93066,0
-0.95308,0.30271,0
-1.2666,-0.010971,0
-1.2539,-0.17968,0
-1.2524,-0.1899,0
-0.95035,-0.31117,0
0.29492,-0.95552,0
1.2446,0.23533,0
1.5332,0.017283,0
-1.0908,0.64394,0
-0.99335,0.11517,0
-1.5333,-0.015787,0
0.014775,1.2666,0
-0.61399,0.78931,0
-0.88459,0.46637,0
1.501,-0.31319,0
-0.55654,-1.4288,0
0.93328,0.85641,0
0.43997,1.4689,0
1.5117,-0.25662,0
1.2652,0.060324,0
-0.53502,0.84484,0
1.5327,0.042881,0
0.2902,-0.95697,0
-0.89911,-0.43772,0
0.95741,-0.28873,0
-0.85307,-0.93633,0
-1.1447,-0.54231,0
-0.85062,-0.93856,0
-0.32622,-1.4982,0
-0.13264,0.99116,0
-0.59877,-1.1162,0
-0.3084,-1.502,0
1.1531,-0.52412,0
-0.30359,-1.2297,0
0.26711,1.2382,0
0.58369,-0.81197,0
0.52719,0.84975,0
0.45693,-0.8895,0
-0.24489,0.96955,0
0.11241,-1.2617,0
-1.0857,-1.0827,0
-0.99585,0.78277,0
-0.50512,1.1616,0
1.0528,-1.1147,0
1.0342,0.73141,0
-0.93162,0.36343,0
-0.16442,-0.98639,0
1.2078,0.38161,0
-1.5286,-0.11996,0
-0.24753,1.2422,0
0.85596,-0.51703,0
1.0123,0.76137,0
-0.52249,0.85265,0
0.94556,-0.32544,0
-0.97091,-0.81349,0
-0.9511,1.2027,0
0.27332,1.5088,0
1.4283,-0.55776,0
-1.1668,-0.49289,0
-0.011402,-0.99993,0
-0.63769,1.0944,0
0.57521,-0.81801,0
-0.53086,1.1501,0
0.24284,-1.514,0
1.5066,-0.28485,0
-1.0209,0.74977,0
-0.61878,-0.78556,0
1.0389,1.1277,0
0.24459,1.5137,0
-0.18372,-0.98298,0
0.95923,-0.82724,0
-0.23937,-1.2438,0
0.56186,0.82723,0
-0.98408,-0.17772,0
0.88545,-0.90577,0
1.434,-0.54298,0
0.049402,-0.99878,0
-0.83189,0.55493,0
0.12745,0.99185,0
1.4611,0.46498,0
-0.8815,0.47218,0
-0.23436,-1.5153,0
-0.99867,0.051582,0
-0.95817,-0.28619,0
0.59858,-0.80106,0
-1.1974,0.95782,0
1.5329,-0.035724,0
0.28949,1.5058,0
0.98526,0.17106,0
-0.65828,0.75277,0
0.9052,-0.88604,0
0.92673,0.37572,0
0.50374,-1.4482,0
0.14638,1.2582,0
-1.2288,-0.91721,0
0.97779,0.20961,0
1.2965,-0.81862,0
0.19957,-1.2508,0
0.69774,-0.71635,0
0.94811,-0.83996,0
0.55806,-0.8298,0
-0.060351,-1.5321,0
-0.57101,-0.82095,0
1.2327,0.29157,0
-0.88711,0.46156,0
-0.96631,-0.25737,0
1.2483,-0.21481,0
0.079492,1.2642,0
-0.99698,-0.077717,0
-0.58615,-1.1229,0
-0.91288,0.40824,0
0.23938,-0.97093,0
-1.257,-0.15591,0
-1.5283,0.12435,0
-0.10935,-1.5294,0
-0.9294,0.36906,0
0.12046,-1.5286,0
1.5261,0.1492,0
-0.27533,0.96135,0
0.68106,-0.73223,0
1.348,0.73069,0
0.70543,-0.70878,0
0.7014,0.71277,0
-1.1441,0.54368,0
-1.1332,-1.033,0
0.98871,-0.14987,0
0.038358,1.5329,0
0.7689,0.63936,0
0.26216,1.2392,0
-0.49299,1.1668,0
0.61634,-1.1066,0
0.2644,1.2388,0
-0.043474,0.99905,0
-1.1705,-0.48407,0
-0.6227,-1.4012,0
0.76571,1.3285,0
-0.05822,0.9983,0
1.2539,0.17917,0
0.93424,0.35666,0
-0.14691,0.98915,0
-0.27107,-0.96256,0
-0.98761,0.79314,0
-1.0149,1.1494,0
-1.5265,-0.14474,0
-1.3006,-0.81206,0
0.83123,-0.95578,0
-0.30238,-0.95319,0
-0.34912,-1.2176,0
0.99996,-0.0089512,0
1.1964,0.4161,0
-0.75095,0.66036,0
-0.85066,0.93852,0
0.90234,-0.43103,0
0.4515,-1.4654,0
-0.9248,1.223,0
-0.87098,-1.2619,0
0.1418,0.9899,0
-0.99924,0.038894,0
1.2547,-0.17395,0
0.65971,-0.75152,0
1.0968,-0.63365,0
-0.88481,0.46595,0
0.98007,-0.19864,0
-0.98961,0.14377,0
0.95988,-0.82648,0
-1.1127,0.60521,0
1.4702,0.43534,0
0.99027,0.13915,0
-1.2666,0.0087718,0
-0.8856,-0.90562,0
-0.5964,1.1175,0
1.0783,0.66468,0
-0.79046,-1.3139,0
0.64535,-0.76389,0
1.5209,-0.19496,0
1.4271,0.56085,0
0.22915,0.97339,0
-1.2657,0.050094,0
-0.98813,0.15362,0
0.30163,1.5034,0
0.0044185,-0.99999,0
-0.98362,-0.18027,0
-0.99979,-0.020701,0
0.50266,-0.86448,0
0.27855,-1.2357,0
-1.5323,0.056944,0
-0.70985,-0.70436,0
-0.36164,0.93232,0
1.4177,0.58416,0
1.0831,0.65683,0
0.91914,-0.87157,0
0.99437,-1.1672,0
-0.87293,-0.48785,0
-1.2654,0.056993,0
-1.022,-1.143,0
-0.32818,0.94461,0
0.32423,1.4987,0
-0.83165,0.55531,0
1.2492,0.20953,0
-0.53148,1.4383,0
0.97847,-0.2064,0
1.2666,-0.014517,0
1.0182,0.7535,0
0.045511,-0.99896,0
-0.82158,1.2946,0
-0.6577,0.75328,0
0.91246,0.40916,0
-1.5177,-0.21867,0
-1.0671,0.6825,0
-0.54468,0.83864,0
1.5258,-0.15192,0
-1.5255,-0.15439,0
1.5321,-0.060606,0
-0.62578,1.1013,0
-0.8332,0.55297,0
0.38498,-1.4842,0
0.8677,-0.49708,0
-0.85133,-0.52463,0
0.97475,0.2233,0
0.77678,-0.62977,0
0.28619,-0.95817,0
-0.94644,0.84184,0
1.3818,-0.66472,0
1.1075,-1.0604,0
0.99301,0.11802,0
-0.87776,-1.2572,0
0.8471,0.94174,0
1.3874,-0.65292,0
-0.0023058,1.2667,0
-1.5326,0.045955,0
0.03109,-0.99952,0
-0.0671,-1.5319,0
-1.3894,-0.64855,0
0.7352,-0.67785,0
0.4308,-1.4716,0
0.99588,-0.090646,0
-1.2337,-0.28709,0
-0.89106,0.90026,0
1.3954,-0.63567,0
-0.065886,0.99783,0
0.47768,1.457,0
0.53117,-0.84727,0
-0.51436,1.4445,0
-1.0708,-0.67669,0
0.68473,1.0656,0
-1.2322,-0.29362,0
0.14794,0.989,0
0.33608,-0.94183,0
0.16994,0.98545,0
0.35284,1.4922,0
-0.14341,1.2585,0
-0.96211,-0.27267,0
0.93758,-0.34777,0
0.13585,-0.99073,0
-1.2095,-0.37623,0
-0.31111,1.2279,0
0.084354,0.99644,0
-0.18422,1.5222,0
1.5188,-0.21031,0
1.0683,0.68056,0
1.3217,0.7774,0
0.88042,0.91066,0
1.0836,-0.65596,0
1.2522,-0.19103,0
0.38412,0.92329,0
-0.4364,-0.89975,0
-0.6714,0.7411,0
-0.99831,0.058048,0
1.2023,0.39851,0
-0.72115,0.69278,0
0.98002,-0.19891,0
-0.97626,0.2166,0
-1.2069,0.3844,0
-1.4503,-0.49767,0
0.69469,1.0592,0
-0.93289,-0.36016,0
0.74352,0.66872,0
-0.92913,0.36975,0
-0.5298,1.1505,0
-1.1844,-0.44901,0
0.50465,-0.86332,0
0.64621,1.3905,0
1.1074,0.61486,0
-0.82688,0.56238,0
0.20812,-1.2495,0
-1.1129,-1.0548,0
-0.95273,0.30383,0
-1.263,-0.096616,0
-0.1195,1.261,0
0.8049,0.97805,0
-0.63821,-0.76986,0
1.1311,-0.57009,0
-1.1229,-0.58606,0
0.50118,1.1633,0
0.74946,-1.0212,0
0.45397,1.1825,0
1.2221,0.33321,0
1.5148,-0.2376,0
-0.0015604,-1.2667,0
-1.2316,0.29596,0
-1.212,-0.36823,0
-0.062659,0.99804,0
-1.0306,1.1353,0
0.69324,-0.72071,0
0.11248,0.99365,0
0.80812,1.3031,0
-1.4864,-0.37662,0
1.3582,-0.71156,0
0.63222,-0.77479,0
0.81115,0.58484,0
0.30229,1.5032,0
-0.88675,0.90449,0
0.23934,1.2438,0
-0.04038,1.266,0
-0.70752,0.70669,0
-0.2827,0.95921,0
-1.3672,-0.6942,0
1.168,0.49008,0
1.2704,-0.85861,0
0.99902,0.04416,0
1.5212,0.1929,0
0.3283,-1.4978,0
-1.2578,0.1498,0
0.64007,-1.3934,0
-0.99255,-0.12183,0
0.90827,-0.41838,0
-0.27063,0.96268,0
1.2287,0.91726,0
-1.0605,-0.69261,0
-0.97315,-0.23017,0
-1.074,-1.0944,0
1.1594,0.51005,0
-0.58551,-0.81066,0
0.89985,0.43619,0
-1.2002,0.95422,0
0.83828,0.54524,0
1.282,-0.84115,0
-0.99045,-0.1379,0
0.20308,-0.97916,0
0.51333,0.85819,0
1.0883,0.64819,0
-0.25841,-1.5114,0
-0.62016,-1.1045,0
0.96436,0.26461,0
-1.1044,-0.62028,0
-0.92812,0.37227,0
0.061093,-1.2652,0
-0.88233,0.47064,0
0.65967,0.75156,0
0.0047957,1.2667,0
0.90264,0.88864,0
0.87962,-0.47568,0
-0.48137,1.4558,0
1.5212,0.19289,0
-1.4206,-0.57717,0
-0.65854,1.3847,0
-1.5051,0.29272,0
-0.073835,-0.99727,0
0.98968,-0.14332,0
-0.49813,-0.8671,0
-1.1583,0.51271,0
0.73665,1.3448,0
-1.4152,-0.59015,0
0.56205,-0.8271,0
-0.069563,1.5318,0
-1.2302,-0.3018,0
0.48699,1.4539,0
1.5046,-0.29538,0
1.2003,-0.4047,0
-0.93981,-0.34168,0
0.63366,-1.3963,0
-1.1718,0.98894,0
-0.81811,1.2968,0
1.2634,-0.090555,0
-0.56277,-0.82661,0
-0.5893,-1.4156,0
-0.068358,0.99766,0
1.4999,-0.31822,0
1.5322,0.059069,0
-1.2658,-0.045522,0
0.72541,-0.68832,0
1.4809,-0.39737,0
-1.2655,-0.055387,0
1.2476,0.21923,0
-1.2629,0.097417,0
-0.84386,-1.2802,0
-0.94341,-1.2088,0
-0.75732,1.0153,0
-1.1706,0.48395,0
0.84789,-1.2776,0
-0.25629,0.9666,0
0.73901,0.6737,0
-1.1107,1.0571,0
-0.34717,1.4935,0
0.41601,0.90936,0
0.78108,0.62443,0
-0.74786,0.66385,0
1.1914,0.43002,0
-0.27691,-1.5081,0
-1.3117,0.79413,0
-0.90606,-0.42314,0
1.317,0.78523,0
-0.035157,-0.99938,0
-1.1961,0.95938,0
1.4754,-0.41761,0
-0.92267,-0.3856,0
-1.0286,-0.73922,0
0.30993,-0.95076,0
0.94494,-0.32723,0
-1.4628,-0.45958,0
-0.35128,-1.217,0
-0.50075,-1.1635,0
-1.2169,0.35169,0
0.9575,0.28843,0
-1.2648,0.067913,0
0.92518,-0.37953,0
-1.1459,-0.53983,0
-0.095696,0.99541,0
-0.72404,0.68976,0
0.34492,-1.494,0
-0.68867,0.72507,0
-1.0631,-1.105,0
0.89621,0.89512,0
-0.22524,1.2465,0
1.2095,-0.94245,0
-0.12231,-1.5284,0
0.24585,-0.96931,0
1.4704,-0.43481,0
-1.0906,0.64422,0
0.40458,0.9145,0
0.74379,-1.0253,0
-1.3781,-0.6722,0
1.0323,0.73407,0
-0.49448,-0.86919,0
-0.40497,-0.91433,0
-0.40301,-0.9152,0
-0.88292,0.46951,0
-0.74274,-1.026,0
-0.60367,0.79724,0
-0.78156,-0.62383,0
0.15408,1.5256,0
-0.32587,-1.224,0
-0.94324,0.3321,0
0.50595,1.1612,0
-0.84156,-0.54016,0
-1.1624,0.5033,0
-0.57453,1.1289,0
-1.2035,-0.39493,0
0.039257,-0.99923,0
0.88134,-0.47249,0
0.34282,1.2194,0
1.1931,0.42544,0
-0.94346,0.33148,0
1.2664,0.028043,0
-0.66814,-1.3801,0
0.39627,1.4812,0
-0.79212,0.61037,0
-0.98635,0.16464,0
0.036665,0.99933,0
1.4121,0.59746,0
-0.89325,0.44955,0
0.7037,-1.0532,0
0.94754,-1.2055,0
1.5325,0.051514,0
0.1256,-1.2604,0
-0.63917,-0.76907,0
-1.2023,0.39856,0
-0.18459,-0.98282,0
1.2589,0.14034,0
-1.3214,-0.77791,0
0.12573,1.2604,0
-0.31355,1.5009,0
0.58692,0.80965,0
-0.16577,1.2558,0
-0.38472,-0.92303,0
-1.4692,-0.43873,0
-0.57416,-1.1291,0
-1.276,-0.85019,0
1.2662,0.035074,0
0.91837,-0.87238,0
0.042527,0.9991,0
0.76282,-0.64662,0
0.51401,-1.1577,0
1.2999,-0.81322,0
1.1278,1.0389,0
-0.10197,0.99479,0
-1.4654,-0.45135,0
1.4163,0.58744,0
-1.1462,-0.53921,0
0.6014,1.4105,0
0.83858,-0.94933,0
0.57245,-1.4225,0
0.6187,1.1053,0
0.17382,-1.2547,0
1.0819,0.65875,0
-1.4561,0.48037,0
-1.0718,-1.0966,0
-0.80719,-0.97616,0
-1.1481,-0.535,0
-0.76178,-1.012,0
0.88002,-1.2557,0
1.0284,0.73943,0
-0.45312,-0.89145,0
-0.823,0.56804,0
-0.94205,0.84676,0
0.86655,-0.92387,0
-1.4738,-0.42302,0
0.95328,-0.30207,0
1.264,0.082382,0
0.84508,-0.94355,0
1.1793,0.46226,0
0.5953,-1.4131,0
0.49497,-0.86891,0
-0.21937,0.97564,0
-0.48382,-0.87517,0
1.2837,-0.83865,0
1.2667,0.0064235,0
-0.73263,0.68062,0
1.0679,0.68122,0
-0.8484,1.2772,0
0.67388,1.0725,0
0.78507,-0.61941,0
0.91844,-0.39556,0
0.81854,-0.57445,0
0.54112,-1.4347,0
0.49838,1.4501,0
0.037493,-1.5329,0
0.93998,-0.34122,0
-1.4893,0.3648,0
1.1565,-1.0068,0
1.0565,0.69869,0
-1.1754,0.98461,0
1.2216,0.33482,0
0.32679,1.2238,0
-0.071197,-1.2647,0
0.9285,0.86158,0
0.95775,-0.28759,0
0.65095,1.0866,0
-0.96354,-0.26756,0
0.38598,0.92251,0
0.54209,0.84032,0
-0.99738,-0.072296,0
-1.0134,0.75987,0
-0.72362,-1.0396,0
-0.27852,-1.2357,0
-0.81554,-0.57871,0
1.3652,-0.69804,0
0.077879,-0.99696,0
-0.14555,1.2583,0
1.2474,-0.21997,0
0.95452,0.29814,0
1.5312,0.080492,0
-0.95049,0.31076,0
0.47514,0.87991,0
0.22172,1.2471,0
0.51499,0.85719,0
-0.089599,0.99598,0
-0.46852,-1.1768,0
-0.3674,-1.2122,0
0.65056,0.75945,0
-0.85748,0.51451,0
1.2448,0.2345,0
1.2516,-0.19447,0
-0.84775,0.94115,0
-1.071,1.0973,0
-0.14868,0.98889,0
0.75234,1.3361,0
0.89008,-0.4558,0
-0.42081,0.90715,0
1.5275,-0.13413,0
0.95255,1.2016,0
1.2603,-0.12653,0
-0.60222,0.79833,0
-0.13936,-1.259,0
1.356,-0.71583,0
-0.89816,0.43966,0
1.0557,0.69995,0
-0.89723,-0.44157,0
0.30554,1.2293,0
-1.3544,-0.71884,0
1.0143,-1.1499,0
0.6336,1.3963,0
0.67643,-0.73651,0
1.0271,1.1385,0
-0.54136,-1.4346,0
-0.46151,1.4622,0
0.51704,0.85596,0
-1.2535,-0.88307,0
-0.83637,0.54816,0
-0.067582,-1.5318,0
1.2664,0.026978,0
-0.73962,-0.67302,0
0.69215,0.72176,0
-0.92282,0.86767,0
-1.4771,-0.4113,0
-1.2138,0.36227,0
-0.99463,0.10346,0
-1.1656,-0.99629,0
-1.5327,0.043434,0
-0.63176,-0.77516,0
-0.99163,-0.12912,0
0.12511,1.5282,0
-0.29518,0.95544,0
-1.0921,0.64177,0
-0.99999,0.0037138,0
-1.4852,0.38137,0
-0.027739,-1.2664,0
-0.79851,0.60199,0
-0.99641,-0.084667,0
1.2662,-0.032952,0
-0.53574,-0.84438,0
0.57044,-1.1309,0
-0.30188,0.95335,0
1.2517,0.19396,0
-0.73432,-1.3461,0
-1.0588,1.1091,0
0.43043,0.90262,0
0.21773,1.5178,0
-1.2659,0.044744,0
-0.93759,0.85169,0
0.71665,1.3556,0
-0.85409,0.52012,0
-1.5307,-0.089109,0
1.4996,0.31986,0
1.2004,-0.40424,0
-0.79362,-0.98723,0
1.489,-0.36588,0
1.5239,0.16978,0
-1.4476,-0.50567,0
0.9044,-1.2382,0
-0.89611,0.44384,0
0.015279,1.2666,0
-0.78002,-0.99801,0
0.53017,-1.1504,0
-0.98681,-0.16187,0
0.25956,-0.96573,0
0.37106,0.92861,0
-0.91494,1.2304,0
0.67251,0.74008,0
-0.34704,0.93785,0
0.6045,-1.1131,0
-0.78893,0.99098,0
-0.83459,0.55087,0
1.5285,-0.12191,0
0.20889,0.97794,0
0.24156,1.2434,0
-0.63921,1.0936,0
0.08821,-1.5308,0
0.31175,1.2277,0
-0.97967,0.80292,0
0.29431,-1.5048,0
-1.3942,-0.63812,0
0.21767,-1.2478,0
0.80459,-0.59383,0
1.2663,0.030362,0
-0.072294,-1.5316,0
0.41582,1.4759,0
-0.25632,-1.2405,0
-0.30609,-0.952,0
-0.15715,1.5253,0
-0.94734,0.32022,0
0.76235,-0.64716,0
0.35478,-1.216,0
-0.48308,-1.1709,0
0.78445,-0.99453,0
0.93044,0.36644,0
-0.97366,0.22801,0
-0.22869,1.5162,0
-0.99533,-0.096527,0
-0.78329,-0.62166,0
1.5169,-0.22372,0
0.16418,0.98643,0
-0.97399,0.22659,0
1.1192,1.0481,0
-0.15205,-0.98837,0
-1.199,0.95574,0
0.59442,-0.80415,0
0.5373,0.84339,0
0.63787,1.0943,0
1.1766,0.46903,0
0.17339,1.2547,0
-0.22835,-0.97358,0
1.5012,0.31231,0
1.2155,-0.9347,0
-1.2662,0.034339,0
-1.1371,-0.55803,0
-0.58723,1.1223,0
0.73439,1.032,0
0.16666,1.2557,0
-0.57687,-1.1277,0
-0.90492,0.42558,0
-1.3088,-0.79888,0
-1.1819,-0.45547,0
-0.70652,1.0513,0
-0.26195,-1.2393,0
1.1565,1.0068,0
-0.98895,-0.14822,0
-1.1487,1.0157,0
1.3124,-0.79284,0
0.28522,-0.95846,0
0.97902,-0.20379,0
-0.86482,0.50209,0
0.92233,-0.3864,0
1.1199,-1.0474,0
-1.0271,-0.74124,0
0.9815,-1.178,0
-0.64379,-0.7652,0
0.88406,-1.2528,0
0.98567,0.16867,0
-0.84001,0.54257,0
-0.68151,-0.73181,0
1.5331,-0.025496,0
0.17868,1.5229,0
-0.54586,0.83788,0
0.98131,-0.19243,0
-1.2646,0.07147,0
0.19553,-1.5208,0
-0.40371,-0.91489,0
0.29574,0.95527,0
-0.045976,-0.99894,0
1.4339,0.54322,0
-1.1798,0.97942,0
-0.98887,-1.1719,0
0.092411,1.5305,0
-0.96148,-0.27488,0
-1.1787,-0.46387,0
0.46459,1.4613,0
-0.42257,-0.90633,0
1.0342,-1.1321,0
-1.1103,-1.0575,0
-0.43681,1.4698,0
-1.1981,-0.4111,0
0.57378,0.81901,0
-0.057661,1.5322,0
-1.2431,-0.24303,0
-1.0774,-0.66607,0
-0.99478,-0.10208,0
0.037577,-1.5329,0
-1.396,0.63425,0
-0.95848,0.28518,0
-0.34173,-1.4948,0
1.18,-0.46045,0
0.47664,1.4574,0
0.16559,1.2558,0
0.59348,0.80485,0
0.30081,1.2304,0
-0.020533,0.99979,0
-0.42686,1.1926,0
-1.5214,-0.19099,0
-0.12955,-0.99157,0
1.5321,0.060722,0
0.62035,-0.78433,0
1.2091,-0.94292,0
-1.2614,0.11512,0
-1.1204,-1.0468,0
0.66029,-1.081,0
-1.389,0.64942,0
1.5142,-0.24155,0
1.5331,0.024777,0
-0.69926,1.0562,0
-0.040472,1.5328,0
-0.74146,0.671,0
-1.5331,-0.028599,0
1.0567,0.69844,0
0.98035,0.19725,0
0.9176,-1.2285,0
-0.69789,1.3653,0
-0.52927,0.84845,0
0.92988,-1.2192,0
0.053891,-1.2655,0
-0.65851,-1.082,0
-0.65687,0.75401,0
-1.5226,-0.18126,0
-0.64574,-1.3907,0
-0.79635,-0.60484,0
0.44942,-1.466,0
-0.59536,1.413,0
1.5276,-0.13225,0
-0.96748,-0.25297,0
-0.51636,-0.85637,0
0.99027,0.13918,0
0.069298,0.9976,0
1.2041,-0.39323,0
1.3234,0.77446,0
0.775,-0.63196,0
-0.10731,-1.5296,0
1.0524,0.70484,0
-0.83355,0.95375,0
0.34518,-1.2187,0
-1.0131,0.76026,0
-0.97591,-1.1827,0
0.7909,-0.61195,0
0.15654,1.257,0
0.48097,-1.4559,0
0.95364,0.30094,0
-0.89327,-1.2463,0
0.82781,-1.2907,0
-0.21801,1.2478,0
-0.091109,0.99584,0
1.1697,-0.99144,0
-1.1081,1.0598,0
0.030339,-1.2663,0
-0.47847,-1.1728,0
0.81935,0.96598,0
-0.50367,-0.8639,0
-0.15473,-1.5255,0
-1.0312,0.73559,0
-0.98234,1.1773,0
0.98815,0.15348,0
1.0369,-0.72752,0
-1.187,-0.44213,0
0.97859,0.20583,0
-0.20941,0.97783,0
-0.96121,-0.27583,0
0.23427,-1.5153,0
0.99418,0.1077,0
0.19313,-1.2519,0
1.343,-0.73988,0
-0.99783,0.065779,0
-0.05266,1.5324,0
1.2648,0.068337,0
0.14646,1.5263,0
0.86837,0.49591,0
0.086376,1.5309,0
1.2,0.4056,0
-0.97978,-0.20008,0
-1.0634,0.68818,0
-0.94468,0.84381,0
0.96624,1.1906,0
1.5297,-0.10522,0
-1.0895,-0.64617,0
-1.0009,-0.77635,0
-1.2515,-0.88586,0
0.19997,-1.5202,0
1.2658,-0.047765,0
-1.1002,0.62772,0
0.98899,-0.148,0
-0.50895,1.4464,0
-0.043985,0.99903,0
0.94332,0.33187,0
-1.5217,0.18841,0
0.97055,-0.24089,0
-0.019563,1.2665,0
1.5004,0.31589,0
1.2093,-0.37692,0
-0.057377,1.5323,0
-0.94765,-0.3193,0
1.5262,-0.14811,0
0.037451,-1.2661,0
-1.1747,-0.47383,0
-1.0881,0.64844,0
-0.21441,1.2484,0
-0.48161,0.87638,0
-0.52946,-1.439,0
-0.6239,-1.4007,0
-1.2316,0.29591,0
0.064087,-0.99794,0
0.98126,1.1782,0
-1.1971,0.41408,0
0.15481,1.2572,0
0.32321,1.2247,0
0.14982,-0.98871,0
0.55106,0.83446,0
0.64926,-1.3891,0
0.19898,-0.98,0
-1.2513,-0.19677,0
-1.1115,0.60741,0
-0.51857,-1.443,0
1.1545,1.0091,0
-0.73785,-0.67496,0
-0.95392,0.30007,0
-0.29088,0.95676,0
-0.99727,-0.073871,0
-0.84284,-0.53817,0
0.01219,-1.5333,0
1.1482,-0.53478,0
-1.3283,0.76591,0
-0.64287,1.0914,0
-1.1659,-0.49502,0
-0.77018,1.3259,0
0.64946,1.389,0
-0.62223,-0.78283,0
0.95,0.31224,0
0.58764,1.1221,0
0.096258,-1.5303,0
-1.0274,-0.74084,0
0.72765,0.68595,0
-0.49394,0.86949,0
-1.3974,-0.63116,0
-1.0112,0.76281,0
-0.79746,-0.60337,0
-0.22551,1.5167,0
-0.37978,-1.4856,0
0.20098,1.2506,0
1.4606,0.46665,0
1.2663,-0.028856,0
0.90476,0.42593,0
0.013435,-1.2666,0
-0.91951,0.39306,0
-0.51499,-1.1572,0
-0.42997,1.1915,0
0.67091,1.3788,0
1.2382,-0.26708,0
-1.5028,-0.30453,0
-0.14989,0.9887,0
-0.60555,-1.4087,0
-0.88286,0.90829,0
-0.86298,0.50524,0
0.27553,-1.5084,0
0.98638,0.16451,0
-1.2515,0.19537,0
0.096742,1.263,0
-0.67578,1.0713,0
-0.60663,-1.4082,0
-0.48704,-0.87338,0
-0.25439,-0.9671,0
-0.68698,1.0642,0
1.2516,-0.19447,0
-0.99999,-0.0035731,0
-0.37824,-1.2089,0
-0.10372,-1.2624,0
-0.9789,-0.20435,0
-0.64594,-0.76339,0
0.44356,1.4678,0
0.20545,-1.2499,0
1.4424,0.5203,0
-0.64202,-0.76669,0
0.7834,0.99536,0
1.2276,-0.31231,0
-0.55733,0.83029,0
1.5306,0.090682,0
0.99999,-0.0045518,0
1.207,-0.38426,0
0.10715,1.2621,0
0.93542,-0.85407,0
-1.0546,-1.1131,0
0.76775,1.0075,0
1.2343,0.2845,0
-1.1901,-0.43384,0
-1.4103,-0.60184,0
-1.5138,0.24389,0
1.4644,-0.45449,0
0.27494,0.96146,0
-0.67087,1.0744,0
1.1302,1.0362,0
-0.71098,-1.0483,0
1.2331,-0.28984,0
0.97868,-0.20538,0
0.24424,0.96972,0
0.59402,0.80445,0
-0.55294,-1.4302,0
0.037637,1.5329,0
-0.54483,-1.4333,0
-1.5173,-0.2213,0
-0.43984,1.1878,0
0.99991,0.013532,0
-0.92571,-1.2224,0
-0.95405,-1.2004,0
-0.67818,-0.7349,0
-0.48416,-1.1705,0
-0.51424,-1.1576,0
0.99854,-0.053925,0
-0.52587,1.4403,0
-1.4186,-0.58193,0
-0.93194,0.36263,0
0.44194,1.1871,0
-1.0258,0.74315,0
-0.28149,1.235,0
-0.68702,0.72664,0
1.2399,-0.25911,0
0.97,-0.81458,0
-1.0218,1.1433,0
-1.4255,0.56496,0
1.2286,-0.30809,0
-1.3651,-0.69826,0
0.67479,1.3769,0
0.46905,-1.1766,0
-1.522,-0.1857,0
0.56697,1.4247,0
0.82371,1.2933,0
1.1941,0.42271,0
1.042,-0.72022,0
4.2094,0,1
4.2521,0,1
4.2949,0,1
4.3376,0,1
4.3803,0,1
4.4231,0,1
4.4658,0,1
4.5085,0,1
4.5513,0,1
4.594,0,1
4.6368,0,1
4.6795,0,1
4.7222,0,1
4.765,0,1
4.8077,0,1
4.8504,0,1
4.8932,0,1
4.9359,0,1
4.9786,0,1
5.0214,0,1
5.0641,0,1
5.1068,0,1
5.1496,0,1
5.1923,0,1
5.235,0,1
5.2778,0,1
5.3205,0,1
5.3632,0,1
5.406,0,1
5.4487,0,1
5.4915,0,1
5.5342,0,1
5.5769,0,1
5.6197,0,1
5.6624,0,1
5.7051,0,1
5.7479,0,1
5.7906,0,1
4.1466,0.4084,1
4.1891,0.41259,1
4.2317,0.41678,1
4.2742,0.42097,1
4.3167,0.42516,1
4.3592,0.42935,1
4.4018,0.43354,1
4.4443,0.43773,1
4.4868,0.44191,1
4.5294,0.4461,1
4.5719,0.45029,1
4.6144,0.45448,1
4.657,0.45867,1
4.6995,0.46286,1
4.742,0.46705,1
4.7845,0.47124,1
4.8271,0.47543,1
4.8696,0.47961,1
4.9121,0.4838,1
4.9547,0.48799,1
4.9972,0.49218,1
5.0397,0.49637,1
5.0822,0.50056,1
5.1248,0.50475,1
5.1673,0.50894,1
5.2098,0.51312,1
5.2524,0.51731,1
5.2949,0.5215,1
5.3374,0.52569,1
5.38,0.52988,1
5.4225,0.53407,1
5.465,0.53826,1
5.5075,0.54245,1
5.5501,0.54663,1
5.5926,0.55082,1
5.6351,0.55501,1
5.6777,0.5592,1
5.7202,0.56339,1
5.7627,0.56758,1
4.0866,0.81288,1
4.1285,0.82121,1
4.1704,0.82955,1
4.2123,0.83789,1
4.2543,0.84623,1
4.2962,0.85456,1
4.3381,0.8629,1
4.38,0.87124,1
4.4219,0.87957,1
4.4638,0.88791,1
4.5057,0.89625,1
4.5477,0.90459,1
4.5896,0.91292,1
4.6315,0.92126,1
4.6734,0.9296,1
4.7153,0.93793,1
4.7572,0.94627,1
4.7991,0.95461,1
4.8411,0.96295,1
4.883,0.97128,1
4.9249,0.97962,1
4.9668,0.98796,1
5.0087,0.99629,1
5.0506,1.0046,1
5.0925,1.013,1
5.1345,1.0213,1
5.1764,1.0296,1
5.2183,1.038,1
5.2602,1.0463,1
5.3021,1.0547,1
5.344,1.063,1
5.3859,1.0713,1
5.4279,1.0797,1
5.4698,1.088,1
5.5117,1.0963,1
5.5536,1.1047,1
5.5955,1.113,1
5.6374,1.1214,1
5.6793,1.1297,1
3.9873,1.2095,1
4.0281,1.2219,1
4.069,1.2343,1
4.1099,1.2467,1
4.1508,1.2591,1
4.1917,1.2715,1
4.2326,1.284,1
4.2735,1.2964,1
4.3144,1.3088,1
4.3553,1.3212,1
4.3962,1.3336,1
4.4371,1.346,1
4.478,1.3584,1
4.5189,1.3708,1
4.5598,1.3832,1
4.6007,1.3956,1
4.6416,1.408,1
4.6825,1.4204,1
4.7234,1.4328,1
4.7643,1.4452,1
4.8051,1.4576,1
4.846,1.47,1
4.8869,1.4824,1
4.9278,1.4948,1
4.9687,1.5072,1
5.0096,1.5197,1
5.0505,1.5321,1
5.0914,1.5445,1
5.1323,1.5569,1
5.1732,1.5693,1
5.2141,1.5817,1
5.255,1.5941,1
5.2959,1.6065,1
5.3368,1.6189,1
5.3777,1.6313,1
5.4186,1.6437,1
5.4595,1.6561,1
5.5004,1.6685,1
5.5413,1.6809,1
3.8495,1.5945,1
3.889,1.6109,1
3.9285,1.6272,1
3.9679,1.6436,1
4.0074,1.6599,1
4.0469,1.6763,1
4.0864,1.6926,1
4.1259,1.709,1
4.1654,1.7253,1
4.2048,1.7417,1
4.2443,1.7581,1
4.2838,1.7744,1
4.3233,1.7908,1
4.3628,1.8071,1
4.4022,1.8235,1
4.4417,1.8398,1
4.4812,1.8562,1
4.5207,1.8725,1
4.5602,1.8889,1
4.5997,1.9052,1
4.6391,1.9216,1
4.6786,1.9379,1
4.7181,1.9543,1
4.7576,1.9707,1
4.7971,1.987,1
4.8365,2.0034,1
4.876,2.0197,1
4.9155,2.0361,1
4.955,2.0524,1
4.9945,2.0688,1
5.034,2.0851,1
5.0734,2.1015,1
5.1129,2.1178,1
5.1524,2.1342,1
5.1919,2.1506,1
5.2314,2.1669,1
5.2709,2.1833,1
5.3103,2.1996,1
5.3498,2.216,1
3.6747,1.9642,1
3.7124,1.9843,1
3.75,2.0044,1
3.7877,2.0246,1
3.8254,2.0447,1
3.8631,2.0649,1
3.9008,2.085,1
3.9385,2.1052,1
3.9762,2.1253,1
4.0139,2.1455,1
4.0516,2.1656,1
4.0893,2.1857,1
4.1269,2.2059,1
4.1646,2.226,1
4.2023,2.2462,1
4.24,2.2663,1
4.2777,2.2865,1
4.3154,2.3066,1
4.3531,2.3268,1
4.3908,2.3469,1
4.4285,2.3671,1
4.4661,2.3872,1
4.5038,2.4073,1
4.5415,2.4275,1
4.5792,2.4476,1
4.6169,2.4678,1
4.6546,2.4879,1
4.6923,2.5081,1
4.73,2.5282,1
4.7677,2.5484,1
4.8053,2.5685,1
4.843,2.5887,1
4.8807,2.6088,1
4.9184,2.6289,1
4.9561,2.6491,1
4.9938,2.6692,1
5.0315,2.6894,1
5.0692,2.7095,1
5.1069,2.7297,1
3.4645,2.3149,1
3.5,2.3386,1
3.5355,2.3624,1
3.5711,2.3861,1
3.6066,2.4098,1
3.6421,2.4336,1
3.6777,2.4573,1
3.7132,2.4811,1
3.7487,2.5048,1
3.7843,2.5286,1
3.8198,2.5523,1
3.8553,2.576,1
3.8909,2.5998,1
3.9264,2.6235,1
3.9619,2.6473,1
3.9975,2.671,1
4.033,2.6948,1
4.0685,2.7185,1
4.104,2.7422,1
4.1396,2.766,1
4.1751,2.7897,1
4.2106,2.8135,1
4.2462,2.8372,1
4.2817,2.8609,1
4.3172,2.8847,1
4.3528,2.9084,1
4.3883,2.9322,1
4.4238,2.9559,1
4.4594,2.9797,1
4.4949,3.0034,1
4.5304,3.0271,1
4.566,3.0509,1
4.6015,3.0746,1
4.637,3.0984,1
4.6726,3.1221,1
4.7081,3.1459,1
4.7436,3.1696,1
4.7792,3.1933,1
4.8147,3.2171,1
3.2209,2.6433,1
3.2539,2.6704,1
3.2869,2.6975,1
3.32,2.7246,1
3.353,2.7517,1
3.3861,2.7789,1
3.4191,2.806,1
3.4521,2.8331,1
3.4852,2.8602,1
3.5182,2.8873,1
3.5512,2.9144,1
3.5843,2.9415,1
3.6173,2.9686,1
3.6503,2.9957,1
3.6834,3.0229,1
3.7164,3.05,1
3.7494,3.0771,1
3.7825,3.1042,1
3.8155,3.1313,1
3.8485,3.1584,1
3.8816,3.1855,1
3.9146,3.2126,1
3.9476,3.2397,1
3.9807,3.2669,1
4.0137,3.294,1
4.0467,3.3211,1
4.0798,3.3482,1
4.1128,3.3753,1
4.1458,3.4024,1
4.1789,3.4295,1
4.2119,3.4566,1
4.245,3.4837,1
4.278,3.5109,1
4.311,3.538,1
4.3441,3.5651,1
4.3771,3.5922,1
4.4101,3.6193,1
4.4432,3.6464,1
4.4762,3.6735,1
2.9463,2.9463,1
2.9765,2.9765,1
3.0067,3.0067,1
3.0369,3.0369,1
3.0672,3.0672,1
3.0974,3.0974,1
3.1276,3.1276,1
3.1578,3.1578,1
3.188,3.188,1
3.2182,3.2182,1
3.2485,3.2485,1
3.2787,3.2787,1
3.3089,3.3089,1
3.3391,3.3391,1
3.3693,3.3693,1
3.3996,3.3996,1
3.4298,3.4298,1
3.46,3.46,1
3.4902,3.4902,1
3.5204,3.5204,1
3.5506,3.5506,1
3.5809,3.5809,1
3.6111,3.6111,1
3.6413,3.6413,1
3.6715,3.6715,1
3.7017,3.7017,1
3.732,3.732,1
3.7622,3.7622,1
3.7924,3.7924,1
3.8226,3.8226,1
3.8528,3.8528,1
3.883,3.883,1
3.9133,3.9133,1
3.9435,3.9435,1
3.9737,3.9737,1
4.0039,4.0039,1
4.0341,4.0341,1
4.0644,4.0644,1
4.0946,4.0946,1
2.6433,3.2209,1
2.6704,3.2539,1
2.6975,3.2869,1
2.7246,3.32,1
2.7517,3.353,1
2.7789,3.3861,1
2.806,3.4191,1
2.8331,3.4521,1
2.8602,3.4852,1
2.8873,3.5182,1
2.9144,3.5512,1
2.9415,3.5843,1
2.9686,3.6173,1
2.9957,3.6503,1
3.0229,3.6834,1
3.05,3.7164,1
3.0771,3.7494,1
3.1042,3.7825,1
3.1313,3.8155,1
3.1584,3.8485,1
3.1855,3.8816,1
3.2126,3.9146,1
3.2397,3.9476,1
3.2669,3.9807,1
3.294,4.0137,1
3.3211,4.0467,1
3.3482,4.0798,1
3.3753,4.1128,1
3.4024,4.1458,1
3.4295,4.1789,1
3.4566,4.2119,1
3.4837,4.245,1
3.5109,4.278,1
3.538,4.311,1
3.5651,4.3441,1
3.5922,4.3771,1
3.6193,4.4101,1
3.6464,4.4432,1
3.6735,4.4762,1
2.3149,3.4645,1
2.3386,3.5,1
2.3624,3.5355,1
2.3861,3.5711,1
2.4098,3.6066,1
2.4336,3.6421,1
2.4573,3.6777,1
2.4811,3.7132,1
2.5048,3.7487,1
2.5286,3.7843,1
2.5523,3.8198,1
2.576,3.8553,1
2.5998,3.8909,1
2.6235,3.9264,1
2.6473,3.9619,1
2.671,3.9975,1
2.6948,4.033,1
2.7185,4.0685,1
2.7422,4.104,1
2.766,4.1396,1
2.7897,4.1751,1
2.8135,4.2106,1
2.8372,4.2462,1
2.8609,4.2817,1
2.8847,4.3172,1
2.9084,4.3528,1
2.9322,4.3883,1
2.9559,4.4238,1
2.9797,4.4594,1
3.0034,4.4949,1
3.0271,4.5304,1
3.0509,4.566,1
3.0746,4.6015,1
3.0984,4.637,1
3.1221,4.6726,1
3.1459,4.7081,1
3.1696,4.7436,1
3.1933,4.7792,1
3.2171,4.8147,1
1.9642,3.6747,1
1.9843,3.7124,1
2.0044,3.75,1
2.0246,3.7877,1
2.0447,3.8254,1
2.0649,3.8631,1
2.085,3.9008,1
2.1052,3.9385,1
2.1253,3.9762,1
2.1455,4.0139,1
2.1656,4.0516,1
2.1857,4.0893,1
2.2059,4.1269,1
2.226,4.1646,1
2.2462,4.2023,1
2.2663,4.24,1
2.2865,4.2777,1
2.3066,4.3154,1
2.3268,4.3531,1
2.3469,4.3908,1
2.3671,4.4285,1
2.3872,4.4661,1
2.4073,4.5038,1
2.4275,4.5415,1
2.4476,4.5792,1
2.4678,4.6169,1
2.4879,4.6546,1
2.5081,4.6923,1
2.5282,4.73,1
2.5484,4.7677,1
2.5685,4.8053,1
2.5887,4.843,1
2.6088,4.8807,1
2.6289,4.9184,1
2.6491,4.9561,1
2.6692,4.9938,1
2.6894,5.0315,1
2.7095,5.0692,1
2.7297,5.1069,1
1.5945,3.8495,1
1.6109,3.889,1
1.6272,3.9285,1
1.6436,3.9679,1
1.6599,4.0074,1
1.6763,4.0469,1
1.6926,4.0864,1
1.709,4.1259,1
1.7253,4.1654,1
1.7417,4.2048,1
1.7581,4.2443,1
1.7744,4.2838,1
1.7908,4.3233,1
1.8071,4.3628,1
1.8235,4.4022,1
1.8398,4.4417,1
1.8562,4.4812,1
1.8725,4.5207,1
1.8889,4.5602,1
1.9052,4.5997,1
1.9216,4.6391,1
1.9379,4.6786,1
1.9543,4.7181,1
1.9707,4.7576,1
1.987,4.7971,1
2.0034,4.8365,1
2.0197,4.876,1
2.0361,4.9155,1
2.0524,4.955,1
2.0688,4.9945,1
2.0851,5.034,1
2.1015,5.0734,1
2.1178,5.1129,1
2.1342,5.1524,1
2.1506,5.1919,1
2.1669,5.2314,1
2.1833,5.2709,1
2.1996,5.3103,1
2.216,5.3498,1
1.2095,3.9873,1
1.2219,4.0281,1
1.2343,4.069,1
1.2467,4.1099,1
1.2591,4.1508,1
1.2715,4.1917,1
1.284,4.2326,1
1.2964,4.2735,1
1.3088,4.3144,1
1.3212,4.3553,1
1.3336,4.3962,1
1.346,4.4371,1
1.3584,4.478,1
1.3708,4.5189,1
1.3832,4.5598,1
1.3956,4.6007,1
1.408,4.6416,1
1.4204,4.6825,1
1.4328,4.7234,1
1.4452,4.7643,1
1.4576,4.8051,1
1.47,4.846,1
1.4824,4.8869,1
1.4948,4.9278,1
1.5072,4.9687,1
1.5197,5.0096,1
1.5321,5.0505,1
1.5445,5.0914,1
1.5569,5.1323,1
1.5693,5.1732,1
1.5817,5.2141,1
1.5941,5.255,1
1.6065,5.2959,1
1.6189,5.3368,1
1.6313,5.3777,1
1.6437,5.4186,1
1.6561,5.4595,1
1.6685,5.5004,1
1.6809,5.5413,1
0.81288,4.0866,1
0.82121,4.1285,1
0.82955,4.1704,1
0.83789,4.2123,1
0.84623,4.2543,1
0.85456,4.2962,1
0.8629,4.3381,1
0.87124,4.38,1
0.87957,4.4219,1
0.88791,4.4638,1
0.89625,4.5057,1
0.90459,4.5477,1
0.91292,4.5896,1
0.92126,4.6315,1
0.9296,4.6734,1
0.93793,4.7153,1
0.94627,4.7572,1
0.95461,4.7991,1
0.96295,4.8411,1
0.97128,4.883,1
0.97962,4.9249,1
0.98796,4.9668,1
0.99629,5.0087,1
1.0046,5.0506,1
1.013,5.0925,1
1.0213,5.1345,1
1.0296,5.1764,1
1.038,5.2183,1
1.0463,5.2602,1
1.0547,5.3021,1
1.063,5.344,1
1.0713,5.3859,1
1.0797,5.4279,1
1.088,5.4698,1
1.0963,5.5117,1
1.1047,5.5536,1
1.113,5.5955,1
1.1214,5.6374,1
1.1297,5.6793,1
0.4084,4.1466,1
0.41259,4.1891,1
0.41678,4.2317,1
0.42097,4.2742,1
0.42516,4.3167,1
0.42935,4.3592,1
0.43354,4.4018,1
0.43773,4.4443,1
0.44191,4.4868,1
0.4461,4.5294,1
0.45029,4.5719,1
0.45448,4.6144,1
0.45867,4.657,1
0.46286,4.6995,1
0.46705,4.742,1
0.47124,4.7845,1
0.47543,4.8271,1
0.47961,4.8696,1
0.4838,4.9121,1
0.48799,4.9547,1
0.49218,4.9972,1
0.49637,5.0397,1
0.50056,5.0822,1
0.50475,5.1248,1
0.50894,5.1673,1
0.51312,5.2098,1
0.51731,5.2524,1
0.5215,5.2949,1
0.52569,5.3374,1
0.52988,5.38,1
0.53407,5.4225,1
0.53826,5.465,1
0.54245,5.5075,1
0.54663,5.5501,1
0.55082,5.5926,1
0.55501,5.6351,1
0.5592,5.6777,1
0.56339,5.7202,1
0.56758,5.7627,1
2.55E-16,4.1667,1
2.58E-16,4.2094,1
2.60E-16,4.2521,1
2.63E-16,4.2949,1
2.66E-16,4.3376,1
2.68E-16,4.3803,1
2.71E-16,4.4231,1
2.73E-16,4.4658,1
2.76E-16,4.5085,1
2.79E-16,4.5513,1
2.81E-16,4.594,1
2.84E-16,4.6368,1
2.87E-16,4.6795,1
2.89E-16,4.7222,1
2.92E-16,4.765,1
2.94E-16,4.8077,1
2.97E-16,4.8504,1
3.00E-16,4.8932,1
3.02E-16,4.9359,1
3.05E-16,4.9786,1
3.07E-16,5.0214,1
3.10E-16,5.0641,1
3.13E-16,5.1068,1
3.15E-16,5.1496,1
3.18E-16,5.1923,1
3.21E-16,5.235,1
3.23E-16,5.2778,1
3.26E-16,5.3205,1
3.28E-16,5.3632,1
3.31E-16,5.406,1
3.34E-16,5.4487,1
3.36E-16,5.4915,1
3.39E-16,5.5342,1
3.41E-16,5.5769,1
3.44E-16,5.6197,1
3.47E-16,5.6624,1
3.49E-16,5.7051,1
3.52E-16,5.7479,1
3.55E-16,5.7906,1
-0.4084,4.1466,1
-0.41259,4.1891,1
-0.41678,4.2317,1
-0.42097,4.2742,1
-0.42516,4.3167,1
-0.42935,4.3592,1
-0.43354,4.4018,1
-0.43773,4.4443,1
-0.44191,4.4868,1
-0.4461,4.5294,1
-0.45029,4.5719,1
-0.45448,4.6144,1
-0.45867,4.657,1
-0.46286,4.6995,1
-0.46705,4.742,1
-0.47124,4.7845,1
-0.47543,4.8271,1
-0.47961,4.8696,1
-0.4838,4.9121,1
-0.48799,4.9547,1
-0.49218,4.9972,1
-0.49637,5.0397,1
-0.50056,5.0822,1
-0.50475,5.1248,1
-0.50894,5.1673,1
-0.51312,5.2098,1
-0.51731,5.2524,1
-0.5215,5.2949,1
-0.52569,5.3374,1
-0.52988,5.38,1
-0.53407,5.4225,1
-0.53826,5.465,1
-0.54245,5.5075,1
-0.54663,5.5501,1
-0.55082,5.5926,1
-0.55501,5.6351,1
-0.5592,5.6777,1
-0.56339,5.7202,1
-0.56758,5.7627,1
-0.81288,4.0866,1
-0.82121,4.1285,1
-0.82955,4.1704,1
-0.83789,4.2123,1
-0.84623,4.2543,1
-0.85456,4.2962,1
-0.8629,4.3381,1
-0.87124,4.38,1
-0.87957,4.4219,1
-0.88791,4.4638,1
-0.89625,4.5057,1
-0.90459,4.5477,1
-0.91292,4.5896,1
-0.92126,4.6315,1
-0.9296,4.6734,1
-0.93793,4.7153,1
-0.94627,4.7572,1
-0.95461,4.7991,1
-0.96295,4.8411,1
-0.97128,4.883,1
-0.97962,4.9249,1
-0.98796,4.9668,1
-0.99629,5.0087,1
-1.0046,5.0506,1
-1.013,5.0925,1
-1.0213,5.1345,1
-1.0296,5.1764,1
-1.038,5.2183,1
-1.0463,5.2602,1
-1.0547,5.3021,1
-1.063,5.344,1
-1.0713,5.3859,1
-1.0797,5.4279,1
-1.088,5.4698,1
-1.0963,5.5117,1
-1.1047,5.5536,1
-1.113,5.5955,1
-1.1214,5.6374,1
-1.1297,5.6793,1
-1.2095,3.9873,1
-1.2219,4.0281,1
-1.2343,4.069,1
-1.2467,4.1099,1
-1.2591,4.1508,1
-1.2715,4.1917,1
-1.284,4.2326,1
-1.2964,4.2735,1
-1.3088,4.3144,1
-1.3212,4.3553,1
-1.3336,4.3962,1
-1.346,4.4371,1
-1.3584,4.478,1
-1.3708,4.5189,1
-1.3832,4.5598,1
-1.3956,4.6007,1
-1.408,4.6416,1
-1.4204,4.6825,1
-1.4328,4.7234,1
-1.4452,4.7643,1
-1.4576,4.8051,1
-1.47,4.846,1
-1.4824,4.8869,1
-1.4948,4.9278,1
-1.5072,4.9687,1
-1.5197,5.0096,1
-1.5321,5.0505,1
-1.5445,5.0914,1
-1.5569,5.1323,1
-1.5693,5.1732,1
-1.5817,5.2141,1
-1.5941,5.255,1
-1.6065,5.2959,1
-1.6189,5.3368,1
-1.6313,5.3777,1
-1.6437,5.4186,1
-1.6561,5.4595,1
-1.6685,5.5004,1
-1.6809,5.5413,1
-1.5945,3.8495,1
-1.6109,3.889,1
-1.6272,3.9285,1
-1.6436,3.9679,1
-1.6599,4.0074,1
-1.6763,4.0469,1
-1.6926,4.0864,1
-1.709,4.1259,1
-1.7253,4.1654,1
-1.7417,4.2048,1
-1.7581,4.2443,1
-1.7744,4.2838,1
-1.7908,4.3233,1
-1.8071,4.3628,1
-1.8235,4.4022,1
-1.8398,4.4417,1
-1.8562,4.4812,1
-1.8725,4.5207,1
-1.8889,4.5602,1
-1.9052,4.5997,1
-1.9216,4.6391,1
-1.9379,4.6786,1
-1.9543,4.7181,1
-1.9707,4.7576,1
-1.987,4.7971,1
-2.0034,4.8365,1
-2.0197,4.876,1
-2.0361,4.9155,1
-2.0524,4.955,1
-2.0688,4.9945,1
-2.0851,5.034,1
-2.1015,5.0734,1
-2.1178,5.1129,1
-2.1342,5.1524,1
-2.1506,5.1919,1
-2.1669,5.2314,1
-2.1833,5.2709,1
-2.1996,5.3103,1
-2.216,5.3498,1
-1.9642,3.6747,1
-1.9843,3.7124,1
-2.0044,3.75,1
-2.0246,3.7877,1
-2.0447,3.8254,1
-2.0649,3.8631,1
-2.085,3.9008,1
-2.1052,3.9385,1
-2.1253,3.9762,1
-2.1455,4.0139,1
-2.1656,4.0516,1
-2.1857,4.0893,1
-2.2059,4.1269,1
-2.226,4.1646,1
-2.2462,4.2023,1
-2.2663,4.24,1
-2.2865,4.2777,1
-2.3066,4.3154,1
-2.3268,4.3531,1
-2.3469,4.3908,1
-2.3671,4.4285,1
-2.3872,4.4661,1
-2.4073,4.5038,1
-2.4275,4.5415,1
-2.4476,4.5792,1
-2.4678,4.6169,1
-2.4879,4.6546,1
-2.5081,4.6923,1
-2.5282,4.73,1
-2.5484,4.7677,1
-2.5685,4.8053,1
-2.5887,4.843,1
-2.6088,4.8807,1
-2.6289,4.9184,1
-2.6491,4.9561,1
-2.6692,4.9938,1
-2.6894,5.0315,1
-2.7095,5.0692,1
-2.7297,5.1069,1
-2.3149,3.4645,1
-2.3386,3.5,1
-2.3624,3.5355,1
-2.3861,3.5711,1
-2.4098,3.6066,1
-2.4336,3.6421,1
-2.4573,3.6777,1
-2.4811,3.7132,1
-2.5048,3.7487,1
-2.5286,3.7843,1
-2.5523,3.8198,1
-2.576,3.8553,1
-2.5998,3.8909,1
-2.6235,3.9264,1
-2.6473,3.9619,1
-2.671,3.9975,1
-2.6948,4.033,1
-2.7185,4.0685,1
-2.7422,4.104,1
-2.766,4.1396,1
-2.7897,4.1751,1
-2.8135,4.2106,1
-2.8372,4.2462,1
-2.8609,4.2817,1
-2.8847,4.3172,1
-2.9084,4.3528,1
-2.9322,4.3883,1
-2.9559,4.4238,1
-2.9797,4.4594,1
-3.0034,4.4949,1
-3.0271,4.5304,1
-3.0509,4.566,1
-3.0746,4.6015,1
-3.0984,4.637,1
-3.1221,4.6726,1
-3.1459,4.7081,1
-3.1696,4.7436,1
-3.1933,4.7792,1
-3.2171,4.8147,1
-2.6433,3.2209,1
-2.6704,3.2539,1
-2.6975,3.2869,1
-2.7246,3.32,1
-2.7517,3.353,1
-2.7789,3.3861,1
-2.806,3.4191,1
-2.8331,3.4521,1
-2.8602,3.4852,1
-2.8873,3.5182,1
-2.9144,3.5512,1
-2.9415,3.5843,1
-2.9686,3.6173,1
-2.9957,3.6503,1
-3.0229,3.6834,1
-3.05,3.7164,1
-3.0771,3.7494,1
-3.1042,3.7825,1
-3.1313,3.8155,1
-3.1584,3.8485,1
-3.1855,3.8816,1
-3.2126,3.9146,1
-3.2397,3.9476,1
-3.2669,3.9807,1
-3.294,4.0137,1
-3.3211,4.0467,1
-3.3482,4.0798,1
-3.3753,4.1128,1
-3.4024,4.1458,1
-3.4295,4.1789,1
-3.4566,4.2119,1
-3.4837,4.245,1
-3.5109,4.278,1
-3.538,4.311,1
-3.5651,4.3441,1
-3.5922,4.3771,1
-3.6193,4.4101,1
-3.6464,4.4432,1
-3.6735,4.4762,1
-2.9463,2.9463,1
-2.9765,2.9765,1
-3.0067,3.0067,1
-3.0369,3.0369,1
-3.0672,3.0672,1
-3.0974,3.0974,1
-3.1276,3.1276,1
-3.1578,3.1578,1
-3.188,3.188,1
-3.2182,3.2182,1
-3.2485,3.2485,1
-3.2787,3.2787,1
-3.3089,3.3089,1
-3.3391,3.3391,1
-3.3693,3.3693,1
-3.3996,3.3996,1
-3.4298,3.4298,1
-3.46,3.46,1
-3.4902,3.4902,1
-3.5204,3.5204,1
-3.5506,3.5506,1
-3.5809,3.5809,1
-3.6111,3.6111,1
-3.6413,3.6413,1
-3.6715,3.6715,1
-3.7017,3.7017,1
-3.732,3.732,1
-3.7622,3.7622,1
-3.7924,3.7924,1
-3.8226,3.8226,1
-3.8528,3.8528,1
-3.883,3.883,1
-3.9133,3.9133,1
-3.9435,3.9435,1
-3.9737,3.9737,1
-4.0039,4.0039,1
-4.0341,4.0341,1
-4.0644,4.0644,1
-4.0946,4.0946,1
-3.2209,2.6433,1
-3.2539,2.6704,1
-3.2869,2.6975,1
-3.32,2.7246,1
-3.353,2.7517,1
-3.3861,2.7789,1
-3.4191,2.806,1
-3.4521,2.8331,1
-3.4852,2.8602,1
-3.5182,2.8873,1
-3.5512,2.9144,1
-3.5843,2.9415,1
-3.6173,2.9686,1
-3.6503,2.9957,1
-3.6834,3.0229,1
-3.7164,3.05,1
-3.7494,3.0771,1
-3.7825,3.1042,1
-3.8155,3.1313,1
-3.8485,3.1584,1
-3.8816,3.1855,1
-3.9146,3.2126,1
-3.9476,3.2397,1
-3.9807,3.2669,1
-4.0137,3.294,1
-4.0467,3.3211,1
-4.0798,3.3482,1
-4.1128,3.3753,1
-4.1458,3.4024,1
-4.1789,3.4295,1
-4.2119,3.4566,1
-4.245,3.4837,1
-4.278,3.5109,1
-4.311,3.538,1
-4.3441,3.5651,1
-4.3771,3.5922,1
-4.4101,3.6193,1
-4.4432,3.6464,1
-4.4762,3.6735,1
-3.4645,2.3149,1
-3.5,2.3386,1
-3.5355,2.3624,1
-3.5711,2.3861,1
-3.6066,2.4098,1
-3.6421,2.4336,1
-3.6777,2.4573,1
-3.7132,2.4811,1
-3.7487,2.5048,1
-3.7843,2.5286,1
-3.8198,2.5523,1
-3.8553,2.576,1
-3.8909,2.5998,1
-3.9264,2.6235,1
-3.9619,2.6473,1
-3.9975,2.671,1
-4.033,2.6948,1
-4.0685,2.7185,1
-4.104,2.7422,1
-4.1396,2.766,1
-4.1751,2.7897,1
-4.2106,2.8135,1
-4.2462,2.8372,1
-4.2817,2.8609,1
-4.3172,2.8847,1
-4.3528,2.9084,1
-4.3883,2.9322,1
-4.4238,2.9559,1
-4.4594,2.9797,1
-4.4949,3.0034,1
-4.5304,3.0271,1
-4.566,3.0509,1
-4.6015,3.0746,1
-4.637,3.0984,1
-4.6726,3.1221,1
-4.7081,3.1459,1
-4.7436,3.1696,1
-4.7792,3.1933,1
-4.8147,3.2171,1
-3.6747,1.9642,1
-3.7124,1.9843,1
-3.75,2.0044,1
-3.7877,2.0246,1
-3.8254,2.0447,1
-3.8631,2.0649,1
-3.9008,2.085,1
-3.9385,2.1052,1
-3.9762,2.1253,1
-4.0139,2.1455,1
-4.0516,2.1656,1
-4.0893,2.1857,1
-4.1269,2.2059,1
-4.1646,2.226,1
-4.2023,2.2462,1
-4.24,2.2663,1
-4.2777,2.2865,1
-4.3154,2.3066,1
-4.3531,2.3268,1
-4.3908,2.3469,1
-4.4285,2.3671,1
-4.4661,2.3872,1
-4.5038,2.4073,1
-4.5415,2.4275,1
-4.5792,2.4476,1
-4.6169,2.4678,1
-4.6546,2.4879,1
-4.6923,2.5081,1
-4.73,2.5282,1
-4.7677,2.5484,1
-4.8053,2.5685,1
-4.843,2.5887,1
-4.8807,2.6088,1
-4.9184,2.6289,1
-4.9561,2.6491,1
-4.9938,2.6692,1
-5.0315,2.6894,1
-5.0692,2.7095,1
-5.1069,2.7297,1
-3.8495,1.5945,1
-3.889,1.6109,1
-3.9285,1.6272,1
-3.9679,1.6436,1
-4.0074,1.6599,1
-4.0469,1.6763,1
-4.0864,1.6926,1
-4.1259,1.709,1
-4.1654,1.7253,1
-4.2048,1.7417,1
-4.2443,1.7581,1
-4.2838,1.7744,1
-4.3233,1.7908,1
-4.3628,1.8071,1
-4.4022,1.8235,1
-4.4417,1.8398,1
-4.4812,1.8562,1
-4.5207,1.8725,1
-4.5602,1.8889,1
-4.5997,1.9052,1
-4.6391,1.9216,1
-4.6786,1.9379,1
-4.7181,1.9543,1
-4.7576,1.9707,1
-4.7971,1.987,1
-4.8365,2.0034,1
-4.876,2.0197,1
-4.9155,2.0361,1
-4.955,2.0524,1
-4.9945,2.0688,1
-5.034,2.0851,1
-5.0734,2.1015,1
-5.1129,2.1178,1
-5.1524,2.1342,1
-5.1919,2.1506,1
-5.2314,2.1669,1
-5.2709,2.1833,1
-5.3103,2.1996,1
-5.3498,2.216,1
-3.9873,1.2095,1
-4.0281,1.2219,1
-4.069,1.2343,1
-4.1099,1.2467,1
-4.1508,1.2591,1
-4.1917,1.2715,1
-4.2326,1.284,1
-4.2735,1.2964,1
-4.3144,1.3088,1
-4.3553,1.3212,1
-4.3962,1.3336,1
-4.4371,1.346,1
-4.478,1.3584,1
-4.5189,1.3708,1
-4.5598,1.3832,1
-4.6007,1.3956,1
-4.6416,1.408,1
-4.6825,1.4204,1
-4.7234,1.4328,1
-4.7643,1.4452,1
-4.8051,1.4576,1
-4.846,1.47,1
-4.8869,1.4824,1
-4.9278,1.4948,1
-4.9687,1.5072,1
-5.0096,1.5197,1
-5.0505,1.5321,1
-5.0914,1.5445,1
-5.1323,1.5569,1
-5.1732,1.5693,1
-5.2141,1.5817,1
-5.255,1.5941,1
-5.2959,1.6065,1
-5.3368,1.6189,1
-5.3777,1.6313,1
-5.4186,1.6437,1
-5.4595,1.6561,1
-5.5004,1.6685,1
-5.5413,1.6809,1
-4.0866,0.81288,1
-4.1285,0.82121,1
-4.1704,0.82955,1
-4.2123,0.83789,1
-4.2543,0.84623,1
-4.2962,0.85456,1
-4.3381,0.8629,1
-4.38,0.87124,1
-4.4219,0.87957,1
-4.4638,0.88791,1
-4.5057,0.89625,1
-4.5477,0.90459,1
-4.5896,0.91292,1
-4.6315,0.92126,1
-4.6734,0.9296,1
-4.7153,0.93793,1
-4.7572,0.94627,1
-4.7991,0.95461,1
-4.8411,0.96295,1
-4.883,0.97128,1
-4.9249,0.97962,1
-4.9668,0.98796,1
-5.0087,0.99629,1
-5.0506,1.0046,1
-5.0925,1.013,1
-5.1345,1.0213,1
-5.1764,1.0296,1
-5.2183,1.038,1
-5.2602,1.0463,1
-5.3021,1.0547,1
-5.344,1.063,1
-5.3859,1.0713,1
-5.4279,1.0797,1
-5.4698,1.088,1
-5.5117,1.0963,1
-5.5536,1.1047,1
-5.5955,1.113,1
-5.6374,1.1214,1
-5.6793,1.1297,1
-4.1466,0.4084,1
-4.1891,0.41259,1
-4.2317,0.41678,1
-4.2742,0.42097,1
-4.3167,0.42516,1
-4.3592,0.42935,1
-4.4018,0.43354,1
-4.4443,0.43773,1
-4.4868,0.44191,1
-4.5294,0.4461,1
-4.5719,0.45029,1
-4.6144,0.45448,1
-4.657,0.45867,1
-4.6995,0.46286,1
-4.742,0.46705,1
-4.7845,0.47124,1
-4.8271,0.47543,1
-4.8696,0.47961,1
-4.9121,0.4838,1
-4.9547,0.48799,1
-4.9972,0.49218,1
-5.0397,0.49637,1
-5.0822,0.50056,1
-5.1248,0.50475,1
-5.1673,0.50894,1
-5.2098,0.51312,1
-5.2524,0.51731,1
-5.2949,0.5215,1
-5.3374,0.52569,1
-5.38,0.52988,1
-5.4225,0.53407,1
-5.465,0.53826,1
-5.5075,0.54245,1
-5.5501,0.54663,1
-5.5926,0.55082,1
-5.6351,0.55501,1
-5.6777,0.5592,1
-5.7202,0.56339,1
-5.7627,0.56758,1
-4.1667,5.10E-16,1
-4.2094,5.16E-16,1
-4.2521,5.21E-16,1
-4.2949,5.26E-16,1
-4.3376,5.31E-16,1
-4.3803,5.36E-16,1
-4.4231,5.42E-16,1
-4.4658,5.47E-16,1
-4.5085,5.52E-16,1
-4.5513,5.57E-16,1
-4.594,5.63E-16,1
-4.6368,5.68E-16,1
-4.6795,5.73E-16,1
-4.7222,5.78E-16,1
-4.765,5.84E-16,1
-4.8077,5.89E-16,1
-4.8504,5.94E-16,1
-4.8932,5.99E-16,1
-4.9359,6.04E-16,1
-4.9786,6.10E-16,1
-5.0214,6.15E-16,1
-5.0641,6.20E-16,1
-5.1068,6.25E-16,1
-5.1496,6.31E-16,1
-5.1923,6.36E-16,1
-5.235,6.41E-16,1
-5.2778,6.46E-16,1
-5.3205,6.52E-16,1
-5.3632,6.57E-16,1
-5.406,6.62E-16,1
-5.4487,6.67E-16,1
-5.4915,6.73E-16,1
-5.5342,6.78E-16,1
-5.5769,6.83E-16,1
-5.6197,6.88E-16,1
-5.6624,6.93E-16,1
-5.7051,6.99E-16,1
-5.7479,7.04E-16,1
-5.7906,7.09E-16,1
-4.1466,-0.4084,1
-4.1891,-0.41259,1
-4.2317,-0.41678,1
-4.2742,-0.42097,1
-4.3167,-0.42516,1
-4.3592,-0.42935,1
-4.4018,-0.43354,1
-4.4443,-0.43773,1
-4.4868,-0.44191,1
-4.5294,-0.4461,1
-4.5719,-0.45029,1
-4.6144,-0.45448,1
-4.657,-0.45867,1
-4.6995,-0.46286,1
-4.742,-0.46705,1
-4.7845,-0.47124,1
-4.8271,-0.47543,1
-4.8696,-0.47961,1
-4.9121,-0.4838,1
-4.9547,-0.48799,1
-4.9972,-0.49218,1
-5.0397,-0.49637,1
-5.0822,-0.50056,1
-5.1248,-0.50475,1
-5.1673,-0.50894,1
-5.2098,-0.51312,1
-5.2524,-0.51731,1
-5.2949,-0.5215,1
-5.3374,-0.52569,1
-5.38,-0.52988,1
-5.4225,-0.53407,1
-5.465,-0.53826,1
-5.5075,-0.54245,1
-5.5501,-0.54663,1
-5.5926,-0.55082,1
-5.6351,-0.55501,1
-5.6777,-0.5592,1
-5.7202,-0.56339,1
-5.7627,-0.56758,1
-4.0866,-0.81288,1
-4.1285,-0.82121,1
-4.1704,-0.82955,1
-4.2123,-0.83789,1
-4.2543,-0.84623,1
-4.2962,-0.85456,1
-4.3381,-0.8629,1
-4.38,-0.87124,1
-4.4219,-0.87957,1
-4.4638,-0.88791,1
-4.5057,-0.89625,1
-4.5477,-0.90459,1
-4.5896,-0.91292,1
-4.6315,-0.92126,1
-4.6734,-0.9296,1
-4.7153,-0.93793,1
-4.7572,-0.94627,1
-4.7991,-0.95461,1
-4.8411,-0.96295,1
-4.883,-0.97128,1
-4.9249,-0.97962,1
-4.9668,-0.98796,1
-5.0087,-0.99629,1
-5.0506,-1.0046,1
-5.0925,-1.013,1
-5.1345,-1.0213,1
-5.1764,-1.0296,1
-5.2183,-1.038,1
-5.2602,-1.0463,1
-5.3021,-1.0547,1
-5.344,-1.063,1
-5.3859,-1.0713,1
-5.4279,-1.0797,1
-5.4698,-1.088,1
-5.5117,-1.0963,1
-5.5536,-1.1047,1
-5.5955,-1.113,1
-5.6374,-1.1214,1
-5.6793,-1.1297,1
-3.9873,-1.2095,1
-4.0281,-1.2219,1
-4.069,-1.2343,1
-4.1099,-1.2467,1
-4.1508,-1.2591,1
-4.1917,-1.2715,1
-4.2326,-1.284,1
-4.2735,-1.2964,1
-4.3144,-1.3088,1
-4.3553,-1.3212,1
-4.3962,-1.3336,1
-4.4371,-1.346,1
-4.478,-1.3584,1
-4.5189,-1.3708,1
-4.5598,-1.3832,1
-4.6007,-1.3956,1
-4.6416,-1.408,1
-4.6825,-1.4204,1
-4.7234,-1.4328,1
-4.7643,-1.4452,1
-4.8051,-1.4576,1
-4.846,-1.47,1
-4.8869,-1.4824,1
-4.9278,-1.4948,1
-4.9687,-1.5072,1
-5.0096,-1.5197,1
-5.0505,-1.5321,1
-5.0914,-1.5445,1
-5.1323,-1.5569,1
-5.1732,-1.5693,1
-5.2141,-1.5817,1
-5.255,-1.5941,1
-5.2959,-1.6065,1
-5.3368,-1.6189,1
-5.3777,-1.6313,1
-5.4186,-1.6437,1
-5.4595,-1.6561,1
-5.5004,-1.6685,1
-5.5413,-1.6809,1
-3.8495,-1.5945,1
-3.889,-1.6109,1
-3.9285,-1.6272,1
-3.9679,-1.6436,1
-4.0074,-1.6599,1
-4.0469,-1.6763,1
-4.0864,-1.6926,1
-4.1259,-1.709,1
-4.1654,-1.7253,1
-4.2048,-1.7417,1
-4.2443,-1.7581,1
-4.2838,-1.7744,1
-4.3233,-1.7908,1
-4.3628,-1.8071,1
-4.4022,-1.8235,1
-4.4417,-1.8398,1
-4.4812,-1.8562,1
-4.5207,-1.8725,1
-4.5602,-1.8889,1
-4.5997,-1.9052,1
-4.6391,-1.9216,1
-4.6786,-1.9379,1
-4.7181,-1.9543,1
-4.7576,-1.9707,1
-4.7971,-1.987,1
-4.8365,-2.0034,1
-4.876,-2.0197,1
-4.9155,-2.0361,1
-4.955,-2.0524,1
-4.9945,-2.0688,1
-5.034,-2.0851,1
-5.0734,-2.1015,1
-5.1129,-2.1178,1
-5.1524,-2.1342,1
-5.1919,-2.1506,1
-5.2314,-2.1669,1
-5.2709,-2.1833,1
-5.3103,-2.1996,1
-5.3498,-2.216,1
-3.6747,-1.9642,1
-3.7124,-1.9843,1
-3.75,-2.0044,1
-3.7877,-2.0246,1
-3.8254,-2.0447,1
-3.8631,-2.0649,1
-3.9008,-2.085,1
-3.9385,-2.1052,1
-3.9762,-2.1253,1
-4.0139,-2.1455,1
-4.0516,-2.1656,1
-4.0893,-2.1857,1
-4.1269,-2.2059,1
-4.1646,-2.226,1
-4.2023,-2.2462,1
-4.24,-2.2663,1
-4.2777,-2.2865,1
-4.3154,-2.3066,1
-4.3531,-2.3268,1
-4.3908,-2.3469,1
-4.4285,-2.3671,1
-4.4661,-2.3872,1
-4.5038,-2.4073,1
-4.5415,-2.4275,1
-4.5792,-2.4476,1
-4.6169,-2.4678,1
-4.6546,-2.4879,1
-4.6923,-2.5081,1
-4.73,-2.5282,1
-4.7677,-2.5484,1
-4.8053,-2.5685,1
-4.843,-2.5887,1
-4.8807,-2.6088,1
-4.9184,-2.6289,1
-4.9561,-2.6491,1
-4.9938,-2.6692,1
-5.0315,-2.6894,1
-5.0692,-2.7095,1
-5.1069,-2.7297,1
-3.4645,-2.3149,1
-3.5,-2.3386,1
-3.5355,-2.3624,1
-3.5711,-2.3861,1
-3.6066,-2.4098,1
-3.6421,-2.4336,1
-3.6777,-2.4573,1
-3.7132,-2.4811,1
-3.7487,-2.5048,1
-3.7843,-2.5286,1
-3.8198,-2.5523,1
-3.8553,-2.576,1
-3.8909,-2.5998,1
-3.9264,-2.6235,1
-3.9619,-2.6473,1
-3.9975,-2.671,1
-4.033,-2.6948,1
-4.0685,-2.7185,1
-4.104,-2.7422,1
-4.1396,-2.766,1
-4.1751,-2.7897,1
-4.2106,-2.8135,1
-4.2462,-2.8372,1
-4.2817,-2.8609,1
-4.3172,-2.8847,1
-4.3528,-2.9084,1
-4.3883,-2.9322,1
-4.4238,-2.9559,1
-4.4594,-2.9797,1
-4.4949,-3.0034,1
-4.5304,-3.0271,1
-4.566,-3.0509,1
-4.6015,-3.0746,1
-4.637,-3.0984,1
-4.6726,-3.1221,1
-4.7081,-3.1459,1
-4.7436,-3.1696,1
-4.7792,-3.1933,1
-4.8147,-3.2171,1
-3.2209,-2.6433,1
-3.2539,-2.6704,1
-3.2869,-2.6975,1
-3.32,-2.7246,1
-3.353,-2.7517,1
-3.3861,-2.7789,1
-3.4191,-2.806,1
-3.4521,-2.8331,1
-3.4852,-2.8602,1
-3.5182,-2.8873,1
-3.5512,-2.9144,1
-3.5843,-2.9415,1
-3.6173,-2.9686,1
-3.6503,-2.9957,1
-3.6834,-3.0229,1
-3.7164,-3.05,1
-3.7494,-3.0771,1
-3.7825,-3.1042,1
-3.8155,-3.1313,1
-3.8485,-3.1584,1
-3.8816,-3.1855,1
-3.9146,-3.2126,1
-3.9476,-3.2397,1
-3.9807,-3.2669,1
-4.0137,-3.294,1
-4.0467,-3.3211,1
-4.0798,-3.3482,1
-4.1128,-3.3753,1
-4.1458,-3.4024,1
-4.1789,-3.4295,1
-4.2119,-3.4566,1
-4.245,-3.4837,1
-4.278,-3.5109,1
-4.311,-3.538,1
-4.3441,-3.5651,1
-4.3771,-3.5922,1
-4.4101,-3.6193,1
-4.4432,-3.6464,1
-4.4762,-3.6735,1
-2.9463,-2.9463,1
-2.9765,-2.9765,1
-3.0067,-3.0067,1
-3.0369,-3.0369,1
-3.0672,-3.0672,1
-3.0974,-3.0974,1
-3.1276,-3.1276,1
-3.1578,-3.1578,1
-3.188,-3.188,1
-3.2182,-3.2182,1
-3.2485,-3.2485,1
-3.2787,-3.2787,1
-3.3089,-3.3089,1
-3.3391,-3.3391,1
-3.3693,-3.3693,1
-3.3996,-3.3996,1
-3.4298,-3.4298,1
-3.46,-3.46,1
-3.4902,-3.4902,1
-3.5204,-3.5204,1
-3.5506,-3.5506,1
-3.5809,-3.5809,1
-3.6111,-3.6111,1
-3.6413,-3.6413,1
-3.6715,-3.6715,1
-3.7017,-3.7017,1
-3.732,-3.732,1
-3.7622,-3.7622,1
-3.7924,-3.7924,1
-3.8226,-3.8226,1
-3.8528,-3.8528,1
-3.883,-3.883,1
-3.9133,-3.9133,1
-3.9435,-3.9435,1
-3.9737,-3.9737,1
-4.0039,-4.0039,1
-4.0341,-4.0341,1
-4.0644,-4.0644,1
-4.0946,-4.0946,1
-2.6433,-3.2209,1
-2.6704,-3.2539,1
-2.6975,-3.2869,1
-2.7246,-3.32,1
-2.7517,-3.353,1
-2.7789,-3.3861,1
-2.806,-3.4191,1
-2.8331,-3.4521,1
-2.8602,-3.4852,1
-2.8873,-3.5182,1
-2.9144,-3.5512,1
-2.9415,-3.5843,1
-2.9686,-3.6173,1
-2.9957,-3.6503,1
-3.0229,-3.6834,1
-3.05,-3.7164,1
-3.0771,-3.7494,1
-3.1042,-3.7825,1
-3.1313,-3.8155,1
-3.1584,-3.8485,1
-3.1855,-3.8816,1
-3.2126,-3.9146,1
-3.2397,-3.9476,1
-3.2669,-3.9807,1
-3.294,-4.0137,1
-3.3211,-4.0467,1
-3.3482,-4.0798,1
-3.3753,-4.1128,1
-3.4024,-4.1458,1
-3.4295,-4.1789,1
-3.4566,-4.2119,1
-3.4837,-4.245,1
-3.5109,-4.278,1
-3.538,-4.311,1
-3.5651,-4.3441,1
-3.5922,-4.3771,1
-3.6193,-4.4101,1
-3.6464,-4.4432,1
-3.6735,-4.4762,1
-2.3149,-3.4645,1
-2.3386,-3.5,1
-2.3624,-3.5355,1
-2.3861,-3.5711,1
-2.4098,-3.6066,1
-2.4336,-3.6421,1
-2.4573,-3.6777,1
-2.4811,-3.7132,1
-2.5048,-3.7487,1
-2.5286,-3.7843,1
-2.5523,-3.8198,1
-2.576,-3.8553,1
-2.5998,-3.8909,1
-2.6235,-3.9264,1
-2.6473,-3.9619,1
-2.671,-3.9975,1
-2.6948,-4.033,1
-2.7185,-4.0685,1
-2.7422,-4.104,1
-2.766,-4.1396,1
-2.7897,-4.1751,1
-2.8135,-4.2106,1
-2.8372,-4.2462,1
-2.8609,-4.2817,1
-2.8847,-4.3172,1
-2.9084,-4.3528,1
-2.9322,-4.3883,1
-2.9559,-4.4238,1
-2.9797,-4.4594,1
-3.0034,-4.4949,1
-3.0271,-4.5304,1
-3.0509,-4.566,1
-3.0746,-4.6015,1
-3.0984,-4.637,1
-3.1221,-4.6726,1
-3.1459,-4.7081,1
-3.1696,-4.7436,1
-3.1933,-4.7792,1
-3.2171,-4.8147,1
-1.9642,-3.6747,1
-1.9843,-3.7124,1
-2.0044,-3.75,1
-2.0246,-3.7877,1
-2.0447,-3.8254,1
-2.0649,-3.8631,1
-2.085,-3.9008,1
-2.1052,-3.9385,1
-2.1253,-3.9762,1
-2.1455,-4.0139,1
-2.1656,-4.0516,1
-2.1857,-4.0893,1
-2.2059,-4.1269,1
-2.226,-4.1646,1
-2.2462,-4.2023,1
-2.2663,-4.24,1
-2.2865,-4.2777,1
-2.3066,-4.3154,1
-2.3268,-4.3531,1
-2.3469,-4.3908,1
-2.3671,-4.4285,1
-2.3872,-4.4661,1
-2.4073,-4.5038,1
-2.4275,-4.5415,1
-2.4476,-4.5792,1
-2.4678,-4.6169,1
-2.4879,-4.6546,1
-2.5081,-4.6923,1
-2.5282,-4.73,1
-2.5484,-4.7677,1
-2.5685,-4.8053,1
-2.5887,-4.843,1
-2.6088,-4.8807,1
-2.6289,-4.9184,1
-2.6491,-4.9561,1
-2.6692,-4.9938,1
-2.6894,-5.0315,1
-2.7095,-5.0692,1
-2.7297,-5.1069,1
-1.5945,-3.8495,1
-1.6109,-3.889,1
-1.6272,-3.9285,1
-1.6436,-3.9679,1
-1.6599,-4.0074,1
-1.6763,-4.0469,1
-1.6926,-4.0864,1
-1.709,-4.1259,1
-1.7253,-4.1654,1
-1.7417,-4.2048,1
-1.7581,-4.2443,1
-1.7744,-4.2838,1
-1.7908,-4.3233,1
-1.8071,-4.3628,1
-1.8235,-4.4022,1
-1.8398,-4.4417,1
-1.8562,-4.4812,1
-1.8725,-4.5207,1
-1.8889,-4.5602,1
-1.9052,-4.5997,1
-1.9216,-4.6391,1
-1.9379,-4.6786,1
-1.9543,-4.7181,1
-1.9707,-4.7576,1
-1.987,-4.7971,1
-2.0034,-4.8365,1
-2.0197,-4.876,1
-2.0361,-4.9155,1
-2.0524,-4.955,1
-2.0688,-4.9945,1
-2.0851,-5.034,1
-2.1015,-5.0734,1
-2.1178,-5.1129,1
-2.1342,-5.1524,1
-2.1506,-5.1919,1
-2.1669,-5.2314,1
-2.1833,-5.2709,1
-2.1996,-5.3103,1
-2.216,-5.3498,1
-1.2095,-3.9873,1
-1.2219,-4.0281,1
-1.2343,-4.069,1
-1.2467,-4.1099,1
-1.2591,-4.1508,1
-1.2715,-4.1917,1
-1.284,-4.2326,1
-1.2964,-4.2735,1
-1.3088,-4.3144,1
-1.3212,-4.3553,1
-1.3336,-4.3962,1
-1.346,-4.4371,1
-1.3584,-4.478,1
-1.3708,-4.5189,1
-1.3832,-4.5598,1
-1.3956,-4.6007,1
-1.408,-4.6416,1
-1.4204,-4.6825,1
-1.4328,-4.7234,1
-1.4452,-4.7643,1
-1.4576,-4.8051,1
-1.47,-4.846,1
-1.4824,-4.8869,1
-1.4948,-4.9278,1
-1.5072,-4.9687,1
-1.5197,-5.0096,1
-1.5321,-5.0505,1
-1.5445,-5.0914,1
-1.5569,-5.1323,1
-1.5693,-5.1732,1
-1.5817,-5.2141,1
-1.5941,-5.255,1
-1.6065,-5.2959,1
-1.6189,-5.3368,1
-1.6313,-5.3777,1
-1.6437,-5.4186,1
-1.6561,-5.4595,1
-1.6685,-5.5004,1
-1.6809,-5.5413,1
-0.81288,-4.0866,1
-0.82121,-4.1285,1
-0.82955,-4.1704,1
-0.83789,-4.2123,1
-0.84623,-4.2543,1
-0.85456,-4.2962,1
-0.8629,-4.3381,1
-0.87124,-4.38,1
-0.87957,-4.4219,1
-0.88791,-4.4638,1
-0.89625,-4.5057,1
-0.90459,-4.5477,1
-0.91292,-4.5896,1
-0.92126,-4.6315,1
-0.9296,-4.6734,1
-0.93793,-4.7153,1
-0.94627,-4.7572,1
-0.95461,-4.7991,1
-0.96295,-4.8411,1
-0.97128,-4.883,1
-0.97962,-4.9249,1
-0.98796,-4.9668,1
-0.99629,-5.0087,1
-1.0046,-5.0506,1
-1.013,-5.0925,1
-1.0213,-5.1345,1
-1.0296,-5.1764,1
-1.038,-5.2183,1
-1.0463,-5.2602,1
-1.0547,-5.3021,1
-1.063,-5.344,1
-1.0713,-5.3859,1
-1.0797,-5.4279,1
-1.088,-5.4698,1
-1.0963,-5.5117,1
-1.1047,-5.5536,1
-1.113,-5.5955,1
-1.1214,-5.6374,1
-1.1297,-5.6793,1
-0.4084,-4.1466,1
-0.41259,-4.1891,1
-0.41678,-4.2317,1
-0.42097,-4.2742,1
-0.42516,-4.3167,1
-0.42935,-4.3592,1
-0.43354,-4.4018,1
-0.43773,-4.4443,1
-0.44191,-4.4868,1
-0.4461,-4.5294,1
-0.45029,-4.5719,1
-0.45448,-4.6144,1
-0.45867,-4.657,1
-0.46286,-4.6995,1
-0.46705,-4.742,1
-0.47124,-4.7845,1
-0.47543,-4.8271,1
-0.47961,-4.8696,1
-0.4838,-4.9121,1
-0.48799,-4.9547,1
-0.49218,-4.9972,1
-0.49637,-5.0397,1
-0.50056,-5.0822,1
-0.50475,-5.1248,1
-0.50894,-5.1673,1
-0.51312,-5.2098,1
-0.51731,-5.2524,1
-0.5215,-5.2949,1
-0.52569,-5.3374,1
-0.52988,-5.38,1
-0.53407,-5.4225,1
-0.53826,-5.465,1
-0.54245,-5.5075,1
-0.54663,-5.5501,1
-0.55082,-5.5926,1
-0.55501,-5.6351,1
-0.5592,-5.6777,1
-0.56339,-5.7202,1
-0.56758,-5.7627,1
-7.65E-16,-4.1667,1
-7.73E-16,-4.2094,1
-7.81E-16,-4.2521,1
-7.89E-16,-4.2949,1
-7.97E-16,-4.3376,1
-8.05E-16,-4.3803,1
-8.13E-16,-4.4231,1
-8.20E-16,-4.4658,1
-8.28E-16,-4.5085,1
-8.36E-16,-4.5513,1
-8.44E-16,-4.594,1
-8.52E-16,-4.6368,1
-8.60E-16,-4.6795,1
-8.67E-16,-4.7222,1
-8.75E-16,-4.765,1
-8.83E-16,-4.8077,1
-8.91E-16,-4.8504,1
-8.99E-16,-4.8932,1
-9.07E-16,-4.9359,1
-9.15E-16,-4.9786,1
-9.22E-16,-5.0214,1
-9.30E-16,-5.0641,1
-9.38E-16,-5.1068,1
-9.46E-16,-5.1496,1
-9.54E-16,-5.1923,1
-9.62E-16,-5.235,1
-9.70E-16,-5.2778,1
-9.77E-16,-5.3205,1
-9.85E-16,-5.3632,1
-9.93E-16,-5.406,1
-1.00E-15,-5.4487,1
-1.01E-15,-5.4915,1
-1.02E-15,-5.5342,1
-1.02E-15,-5.5769,1
-1.03E-15,-5.6197,1
-1.04E-15,-5.6624,1
-1.05E-15,-5.7051,1
-1.06E-15,-5.7479,1
-1.06E-15,-5.7906,1
0.4084,-4.1466,1
0.41259,-4.1891,1
0.41678,-4.2317,1
0.42097,-4.2742,1
0.42516,-4.3167,1
0.42935,-4.3592,1
0.43354,-4.4018,1
0.43773,-4.4443,1
0.44191,-4.4868,1
0.4461,-4.5294,1
0.45029,-4.5719,1
0.45448,-4.6144,1
0.45867,-4.657,1
0.46286,-4.6995,1
0.46705,-4.742,1
0.47124,-4.7845,1
0.47543,-4.8271,1
0.47961,-4.8696,1
0.4838,-4.9121,1
0.48799,-4.9547,1
0.49218,-4.9972,1
0.49637,-5.0397,1
0.50056,-5.0822,1
0.50475,-5.1248,1
0.50894,-5.1673,1
0.51312,-5.2098,1
0.51731,-5.2524,1
0.5215,-5.2949,1
0.52569,-5.3374,1
0.52988,-5.38,1
0.53407,-5.4225,1
0.53826,-5.465,1
0.54245,-5.5075,1
0.54663,-5.5501,1
0.55082,-5.5926,1
0.55501,-5.6351,1
0.5592,-5.6777,1
0.56339,-5.7202,1
0.56758,-5.7627,1
0.81288,-4.0866,1
0.82121,-4.1285,1
0.82955,-4.1704,1
0.83789,-4.2123,1
0.84623,-4.2543,1
0.85456,-4.2962,1
0.8629,-4.3381,1
0.87124,-4.38,1
0.87957,-4.4219,1
0.88791,-4.4638,1
0.89625,-4.5057,1
0.90459,-4.5477,1
0.91292,-4.5896,1
0.92126,-4.6315,1
0.9296,-4.6734,1
0.93793,-4.7153,1
0.94627,-4.7572,1
0.95461,-4.7991,1
0.96295,-4.8411,1
0.97128,-4.883,1
0.97962,-4.9249,1
0.98796,-4.9668,1
0.99629,-5.0087,1
1.0046,-5.0506,1
1.013,-5.0925,1
1.0213,-5.1345,1
1.0296,-5.1764,1
1.038,-5.2183,1
1.0463,-5.2602,1
1.0547,-5.3021,1
1.063,-5.344,1
1.0713,-5.3859,1
1.0797,-5.4279,1
1.088,-5.4698,1
1.0963,-5.5117,1
1.1047,-5.5536,1
1.113,-5.5955,1
1.1214,-5.6374,1
1.1297,-5.6793,1
1.2095,-3.9873,1
1.2219,-4.0281,1
1.2343,-4.069,1
1.2467,-4.1099,1
1.2591,-4.1508,1
1.2715,-4.1917,1
1.284,-4.2326,1
1.2964,-4.2735,1
1.3088,-4.3144,1
1.3212,-4.3553,1
1.3336,-4.3962,1
1.346,-4.4371,1
1.3584,-4.478,1
1.3708,-4.5189,1
1.3832,-4.5598,1
1.3956,-4.6007,1
1.408,-4.6416,1
1.4204,-4.6825,1
1.4328,-4.7234,1
1.4452,-4.7643,1
1.4576,-4.8051,1
1.47,-4.846,1
1.4824,-4.8869,1
1.4948,-4.9278,1
1.5072,-4.9687,1
1.5197,-5.0096,1
1.5321,-5.0505,1
1.5445,-5.0914,1
1.5569,-5.1323,1
1.5693,-5.1732,1
1.5817,-5.2141,1
1.5941,-5.255,1
1.6065,-5.2959,1
1.6189,-5.3368,1
1.6313,-5.3777,1
1.6437,-5.4186,1
1.6561,-5.4595,1
1.6685,-5.5004,1
1.6809,-5.5413,1
1.5945,-3.8495,1
1.6109,-3.889,1
1.6272,-3.9285,1
1.6436,-3.9679,1
1.6599,-4.0074,1
1.6763,-4.0469,1
1.6926,-4.0864,1
1.709,-4.1259,1
1.7253,-4.1654,1
1.7417,-4.2048,1
1.7581,-4.2443,1
1.7744,-4.2838,1
1.7908,-4.3233,1
1.8071,-4.3628,1
1.8235,-4.4022,1
1.8398,-4.4417,1
1.8562,-4.4812,1
1.8725,-4.5207,1
1.8889,-4.5602,1
1.9052,-4.5997,1
1.9216,-4.6391,1
1.9379,-4.6786,1
1.9543,-4.7181,1
1.9707,-4.7576,1
1.987,-4.7971,1
2.0034,-4.8365,1
2.0197,-4.876,1
2.0361,-4.9155,1
2.0524,-4.955,1
2.0688,-4.9945,1
2.0851,-5.034,1
2.1015,-5.0734,1
2.1178,-5.1129,1
2.1342,-5.1524,1
2.1506,-5.1919,1
2.1669,-5.2314,1
2.1833,-5.2709,1
2.1996,-5.3103,1
2.216,-5.3498,1
1.9642,-3.6747,1
1.9843,-3.7124,1
2.0044,-3.75,1
2.0246,-3.7877,1
2.0447,-3.8254,1
2.0649,-3.8631,1
2.085,-3.9008,1
2.1052,-3.9385,1
2.1253,-3.9762,1
2.1455,-4.0139,1
2.1656,-4.0516,1
2.1857,-4.0893,1
2.2059,-4.1269,1
2.226,-4.1646,1
2.2462,-4.2023,1
2.2663,-4.24,1
2.2865,-4.2777,1
2.3066,-4.3154,1
2.3268,-4.3531,1
2.3469,-4.3908,1
2.3671,-4.4285,1
2.3872,-4.4661,1
2.4073,-4.5038,1
2.4275,-4.5415,1
2.4476,-4.5792,1
2.4678,-4.6169,1
2.4879,-4.6546,1
2.5081,-4.6923,1
2.5282,-4.73,1
2.5484,-4.7677,1
2.5685,-4.8053,1
2.5887,-4.843,1
2.6088,-4.8807,1
2.6289,-4.9184,1
2.6491,-4.9561,1
2.6692,-4.9938,1
2.6894,-5.0315,1
2.7095,-5.0692,1
2.7297,-5.1069,1
2.3149,-3.4645,1
2.3386,-3.5,1
2.3624,-3.5355,1
2.3861,-3.5711,1
2.4098,-3.6066,1
2.4336,-3.6421,1
2.4573,-3.6777,1
2.4811,-3.7132,1
2.5048,-3.7487,1
2.5286,-3.7843,1
2.5523,-3.8198,1
2.576,-3.8553,1
2.5998,-3.8909,1
2.6235,-3.9264,1
2.6473,-3.9619,1
2.671,-3.9975,1
2.6948,-4.033,1
2.7185,-4.0685,1
2.7422,-4.104,1
2.766,-4.1396,1
2.7897,-4.1751,1
2.8135,-4.2106,1
2.8372,-4.2462,1
2.8609,-4.2817,1
2.8847,-4.3172,1
2.9084,-4.3528,1
2.9322,-4.3883,1
2.9559,-4.4238,1
2.9797,-4.4594,1
3.0034,-4.4949,1
3.0271,-4.5304,1
3.0509,-4.566,1
3.0746,-4.6015,1
3.0984,-4.637,1
3.1221,-4.6726,1
3.1459,-4.7081,1
3.1696,-4.7436,1
3.1933,-4.7792,1
3.2171,-4.8147,1
2.6433,-3.2209,1
2.6704,-3.2539,1
2.6975,-3.2869,1
2.7246,-3.32,1
2.7517,-3.353,1
2.7789,-3.3861,1
2.806,-3.4191,1
2.8331,-3.4521,1
2.8602,-3.4852,1
2.8873,-3.5182,1
2.9144,-3.5512,1
2.9415,-3.5843,1
2.9686,-3.6173,1
2.9957,-3.6503,1
3.0229,-3.6834,1
3.05,-3.7164,1
3.0771,-3.7494,1
3.1042,-3.7825,1
3.1313,-3.8155,1
3.1584,-3.8485,1
3.1855,-3.8816,1
3.2126,-3.9146,1
3.2397,-3.9476,1
3.2669,-3.9807,1
3.294,-4.0137,1
3.3211,-4.0467,1
3.3482,-4.0798,1
3.3753,-4.1128,1
3.4024,-4.1458,1
3.4295,-4.1789,1
3.4566,-4.2119,1
3.4837,-4.245,1
3.5109,-4.278,1
3.538,-4.311,1
3.5651,-4.3441,1
3.5922,-4.3771,1
3.6193,-4.4101,1
3.6464,-4.4432,1
3.6735,-4.4762,1
2.9463,-2.9463,1
2.9765,-2.9765,1
3.0067,-3.0067,1
3.0369,-3.0369,1
3.0672,-3.0672,1
3.0974,-3.0974,1
3.1276,-3.1276,1
3.1578,-3.1578,1
3.188,-3.188,1
3.2182,-3.2182,1
3.2485,-3.2485,1
3.2787,-3.2787,1
3.3089,-3.3089,1
3.3391,-3.3391,1
3.3693,-3.3693,1
3.3996,-3.3996,1
3.4298,-3.4298,1
3.46,-3.46,1
3.4902,-3.4902,1
3.5204,-3.5204,1
3.5506,-3.5506,1
3.5809,-3.5809,1
3.6111,-3.6111,1
3.6413,-3.6413,1
3.6715,-3.6715,1
3.7017,-3.7017,1
3.732,-3.732,1
3.7622,-3.7622,1
3.7924,-3.7924,1
3.8226,-3.8226,1
3.8528,-3.8528,1
3.883,-3.883,1
3.9133,-3.9133,1
3.9435,-3.9435,1
3.9737,-3.9737,1
4.0039,-4.0039,1
4.0341,-4.0341,1
4.0644,-4.0644,1
4.0946,-4.0946,1
3.2209,-2.6433,1
3.2539,-2.6704,1
3.2869,-2.6975,1
3.32,-2.7246,1
3.353,-2.7517,1
3.3861,-2.7789,1
3.4191,-2.806,1
3.4521,-2.8331,1
3.4852,-2.8602,1
3.5182,-2.8873,1
3.5512,-2.9144,1
3.5843,-2.9415,1
3.6173,-2.9686,1
3.6503,-2.9957,1
3.6834,-3.0229,1
3.7164,-3.05,1
3.7494,-3.0771,1
3.7825,-3.1042,1
3.8155,-3.1313,1
3.8485,-3.1584,1
3.8816,-3.1855,1
3.9146,-3.2126,1
3.9476,-3.2397,1
3.9807,-3.2669,1
4.0137,-3.294,1
4.0467,-3.3211,1
4.0798,-3.3482,1
4.1128,-3.3753,1
4.1458,-3.4024,1
4.1789,-3.4295,1
4.2119,-3.4566,1
4.245,-3.4837,1
4.278,-3.5109,1
4.311,-3.538,1
4.3441,-3.5651,1
4.3771,-3.5922,1
4.4101,-3.6193,1
4.4432,-3.6464,1
4.4762,-3.6735,1
3.4645,-2.3149,1
3.5,-2.3386,1
3.5355,-2.3624,1
3.5711,-2.3861,1
3.6066,-2.4098,1
3.6421,-2.4336,1
3.6777,-2.4573,1
3.7132,-2.4811,1
3.7487,-2.5048,1
3.7843,-2.5286,1
3.8198,-2.5523,1
3.8553,-2.576,1
3.8909,-2.5998,1
3.9264,-2.6235,1
3.9619,-2.6473,1
3.9975,-2.671,1
4.033,-2.6948,1
4.0685,-2.7185,1
4.104,-2.7422,1
4.1396,-2.766,1
4.1751,-2.7897,1
4.2106,-2.8135,1
4.2462,-2.8372,1
4.2817,-2.8609,1
4.3172,-2.8847,1
4.3528,-2.9084,1
4.3883,-2.9322,1
4.4238,-2.9559,1
4.4594,-2.9797,1
4.4949,-3.0034,1
4.5304,-3.0271,1
4.566,-3.0509,1
4.6015,-3.0746,1
4.637,-3.0984,1
4.6726,-3.1221,1
4.7081,-3.1459,1
4.7436,-3.1696,1
4.7792,-3.1933,1
4.8147,-3.2171,1
3.6747,-1.9642,1
3.7124,-1.9843,1
3.75,-2.0044,1
3.7877,-2.0246,1
3.8254,-2.0447,1
3.8631,-2.0649,1
3.9008,-2.085,1
3.9385,-2.1052,1
3.9762,-2.1253,1
4.0139,-2.1455,1
4.0516,-2.1656,1
4.0893,-2.1857,1
4.1269,-2.2059,1
4.1646,-2.226,1
4.2023,-2.2462,1
4.24,-2.2663,1
4.2777,-2.2865,1
4.3154,-2.3066,1
4.3531,-2.3268,1
4.3908,-2.3469,1
4.4285,-2.3671,1
4.4661,-2.3872,1
4.5038,-2.4073,1
4.5415,-2.4275,1
4.5792,-2.4476,1
4.6169,-2.4678,1
4.6546,-2.4879,1
4.6923,-2.5081,1
4.73,-2.5282,1
4.7677,-2.5484,1
4.8053,-2.5685,1
4.843,-2.5887,1
4.8807,-2.6088,1
4.9184,-2.6289,1
4.9561,-2.6491,1
4.9938,-2.6692,1
5.0315,-2.6894,1
5.0692,-2.7095,1
5.1069,-2.7297,1
3.8495,-1.5945,1
3.889,-1.6109,1
3.9285,-1.6272,1
3.9679,-1.6436,1
4.0074,-1.6599,1
4.0469,-1.6763,1
4.0864,-1.6926,1
4.1259,-1.709,1
4.1654,-1.7253,1
4.2048,-1.7417,1
4.2443,-1.7581,1
4.2838,-1.7744,1
4.3233,-1.7908,1
4.3628,-1.8071,1
4.4022,-1.8235,1
4.4417,-1.8398,1
4.4812,-1.8562,1
4.5207,-1.8725,1
4.5602,-1.8889,1
4.5997,-1.9052,1
4.6391,-1.9216,1
4.6786,-1.9379,1
4.7181,-1.9543,1
4.7576,-1.9707,1
4.7971,-1.987,1
4.8365,-2.0034,1
4.876,-2.0197,1
4.9155,-2.0361,1
4.955,-2.0524,1
4.9945,-2.0688,1
5.034,-2.0851,1
5.0734,-2.1015,1
5.1129,-2.1178,1
5.1524,-2.1342,1
5.1919,-2.1506,1
5.2314,-2.1669,1
5.2709,-2.1833,1
5.3103,-2.1996,1
5.3498,-2.216,1
3.9873,-1.2095,1
4.0281,-1.2219,1
4.069,-1.2343,1
4.1099,-1.2467,1
4.1508,-1.2591,1
4.1917,-1.2715,1
4.2326,-1.284,1
4.2735,-1.2964,1
4.3144,-1.3088,1
4.3553,-1.3212,1
4.3962,-1.3336,1
4.4371,-1.346,1
4.478,-1.3584,1
4.5189,-1.3708,1
4.5598,-1.3832,1
4.6007,-1.3956,1
4.6416,-1.408,1
4.6825,-1.4204,1
4.7234,-1.4328,1
4.7643,-1.4452,1
4.8051,-1.4576,1
4.846,-1.47,1
4.8869,-1.4824,1
4.9278,-1.4948,1
4.9687,-1.5072,1
5.0096,-1.5197,1
5.0505,-1.5321,1
5.0914,-1.5445,1
5.1323,-1.5569,1
5.1732,-1.5693,1
5.2141,-1.5817,1
5.255,-1.5941,1
5.2959,-1.6065,1
5.3368,-1.6189,1
5.3777,-1.6313,1
5.4186,-1.6437,1
5.4595,-1.6561,1
5.5004,-1.6685,1
5.5413,-1.6809,1
4.0866,-0.81288,1
4.1285,-0.82121,1
4.1704,-0.82955,1
4.2123,-0.83789,1
4.2543,-0.84623,1
4.2962,-0.85456,1
4.3381,-0.8629,1
4.38,-0.87124,1
4.4219,-0.87957,1
4.4638,-0.88791,1
4.5057,-0.89625,1
4.5477,-0.90459,1
4.5896,-0.91292,1
4.6315,-0.92126,1
4.6734,-0.9296,1
4.7153,-0.93793,1
4.7572,-0.94627,1
4.7991,-0.95461,1
4.8411,-0.96295,1
4.883,-0.97128,1
4.9249,-0.97962,1
4.9668,-0.98796,1
5.0087,-0.99629,1
5.0506,-1.0046,1
5.0925,-1.013,1
5.1345,-1.0213,1
5.1764,-1.0296,1
5.2183,-1.038,1
5.2602,-1.0463,1
5.3021,-1.0547,1
5.344,-1.063,1
5.3859,-1.0713,1
5.4279,-1.0797,1
5.4698,-1.088,1
5.5117,-1.0963,1
5.5536,-1.1047,1
5.5955,-1.113,1
5.6374,-1.1214,1
5.6793,-1.1297,1
4.1466,-0.4084,1
4.1891,-0.41259,1
4.2317,-0.41678,1
4.2742,-0.42097,1
4.3167,-0.42516,1
4.3592,-0.42935,1
4.4018,-0.43354,1
4.4443,-0.43773,1
4.4868,-0.44191,1
4.5294,-0.4461,1
4.5719,-0.45029,1
4.6144,-0.45448,1
4.657,-0.45867,1
4.6995,-0.46286,1
4.742,-0.46705,1
4.7845,-0.47124,1
4.8271,-0.47543,1
4.8696,-0.47961,1
4.9121,-0.4838,1
4.9547,-0.48799,1
4.9972,-0.49218,1
5.0397,-0.49637,1
5.0822,-0.50056,1
5.1248,-0.50475,1
5.1673,-0.50894,1
5.2098,-0.51312,1
5.2524,-0.51731,1
5.2949,-0.5215,1
5.3374,-0.52569,1
5.38,-0.52988,1
5.4225,-0.53407,1
5.465,-0.53826,1
5.5075,-0.54245,1
5.5501,-0.54663,1
5.5926,-0.55082,1
5.6351,-0.55501,1
5.6777,-0.5592,1
5.7202,-0.56339,1
5.7627,-0.56758,1
4.1667,-1.02E-15,1
