0.77942,7.9935,0
-1.6386,-10.957,0
7.2182,-7.3422,0
-6.0669,2.4609,0
4.4579,-9.5971,0
-6.2579,1.1766,0
9.5233,0.47994,0
-2.3245,7.2206,0
-0.57245,-10.995,0
8.5124,-5.3771,0
-3.38,6.5184,0
-2.451,-4.3985,0
7.2523,-7.1523,0
7.73,-6.5958,0
1.9076,-10.576,0
9.0496,2.1732,0
6.176,-8.2552,0
-2.4434,-10.848,0
-5.4347,-2.0438,0
-6.2178,1.6461,0
9.2922,-3.6125,0
8.8786,2.4636,0
-5.9253,-1.0467,0
-2.6833,-4.415,0
7.9726,4.4347,0
-4.586,-3.1012,0
3.2006,-2.1252,0
9.6388,-0.59995,0
9.4804,0.35015,0
6.5981,-7.8412,0
-5.7362,-1.2131,0
-1.8799,7.5174,0
-4.7894,5.1321,0
3.4399,-0.53345,0
8.7269,3.1278,0
6.1394,-8.4181,0
8.6131,-4.8819,0
7.1443,-7.3808,0
1.4156,-10.738,0
-3.2522,-4.024,0
7.4247,5.055,0
4.6491,-9.3774,0
9.5962,-0.32258,0
-1.8366,-4.6033,0
-1.0799,-4.735,0
0.0022024,7.8667,0
-3.733,6.308,0
5.7645,6.5059,0
-1.6433,-10.928,0
3.0274,0.45078,0
9.3653,1.0698,0
3.8158,-9.8732,0
6.6587,-7.8582,0
-3.1496,-4.1666,0
6.7955,-7.74,0
0.093524,-10.967,0
9.55,-2.2649,0
5.9494,-8.5028,0
4.2144,7.3654,0
3.2724,-0.44213,0
5.8881,6.4246,0
3.057,0.56019,0
1.026,-10.848,0
2.763,1.0112,0
-3.6468,-10.544,0
-5.9774,-0.88405,0
3.1287,-10.192,0
4.1564,-9.6433,0
8.3933,-5.6971,0
-1.7331,-4.7222,0
3.3926,-9.9363,0
-5.3546,4.3697,0
2.8515,-2.8152,0
8.3114,-5.7668,0
-4.6477,5.2874,0
0.91213,-4.4229,0
6.2316,6.2015,0
7.3989,-7.1658,0
3.782,-10.006,0
7.9917,-6.1552,0
2.0199,-10.624,0
-6.265,1.219,0
9.4624,-2.1115,0
-0.38519,-4.5981,0
-0.0144,-4.6449,0
6.0341,-8.3797,0
4.6011,-9.4815,0
-0.85291,-11.024,0
8.7045,2.9469,0
-2.3503,7.1417,0
9.5465,-0.21494,0
2.5961,-10.322,0
8.896,2.4062,0
3.1796,-1.8905,0
5.7932,-8.5704,0
-2.3275,-10.799,0
-6.3106,0.84431,0
0.038842,-10.937,0
-3.4248,-4.0818,0
-3.4618,6.6422,0
9.4314,-2.1032,0
3.0352,-10.234,0
9.3932,-2.541,0
-0.21266,-4.5638,0
0.60805,-10.756,0
9.4767,-0.1759,0
0.71912,-4.3743,0
3.6385,-9.9634,0
2.7872,-2.9851,0
-5.4656,4.3231,0
-0.15526,-4.5759,0
-0.4997,-4.7935,0
5.0067,7.053,0
-1.4332,-4.5903,0
-0.11063,-4.6726,0
-6.2729,1.9881,0
5.9915,-8.5517,0
0.69185,-10.731,0
2.8831,0.7688,0
0.54654,-4.4582,0
-6.0139,2.7606,0
-4.0394,-3.68,0
9.6279,-1.5317,0
4.492,7.3393,0
9.502,-2.3685,0
7.8621,-6.3897,0
0.50734,-10.815,0
2.2251,-3.3554,0
7.9317,4.2679,0
2.891,0.75439,0
-4.2586,-10.375,0
6.4227,6.0727,0
-1.9293,-4.5173,0
0.96931,8.0932,0
2.1271,7.8867,0
7.078,5.384,0
2.482,1.317,0
-4.6977,-10.25,0
-5.565,3.81,0
5.5223,6.7196,0
5.5918,-8.8455,0
-1.3427,-10.917,0
2.7429,7.9191,0
0.65885,-4.5311,0
1.1801,-10.75,0
2.4075,7.9624,0
2.4023,-10.383,0
-2.6382,-10.784,0
2.2463,-10.472,0
-0.19832,7.9363,0
-0.8847,-10.896,0
7.2497,-7.2779,0
2.8068,7.7662,0
-5.6321,-9.9144,0
6.693,-7.7849,0
-5.4759,-2.0553,0
-4.4808,5.5761,0
6.2822,6.0645,0
-5.5252,-1.7779,0
6.585,5.8044,0
1.6009,-3.9519,0
9.0011,2.631,0
7.2333,5.3192,0
-0.95572,-10.892,0
5.4402,6.6717,0
5.302,-8.9619,0
9.5722,0.32491,0
-4.9989,-10.264,0
1.6209,-3.9196,0
-1.2267,-4.7251,0
-6.073,-0.70186,0
-1.1387,-4.7855,0
7.703,-6.8175,0
8.9326,2.4842,0
5.1006,-9.2125,0
7.9852,4.3076,0
0.55627,8.0202,0
5.7539,6.5724,0
1.5807,-4.0817,0
0.9573,8.0492,0
5.6733,-8.8445,0
8.2087,-5.9469,0
6.6701,-7.8998,0
-5.8521,-0.92061,0
-5.0749,4.7023,0
5.368,6.8407,0
-5.3484,-9.8927,0
1.8736,8.065,0
-2.0377,-4.6393,0
-4.6461,5.5274,0
-4.309,-10.47,0
4.0448,-9.7679,0
1.755,7.924,0
2.5536,-3.2752,0
0.43189,7.9181,0
8.78,2.9165,0
-6.0711,2.7894,0
-5.1798,-2.5361,0
9.5339,-0.31072,0
-2.3097,-10.756,0
9.6576,-1.3167,0
-2.1667,-4.6398,0
0.90912,-10.747,0
-6.0566,2.8138,0
2.8468,7.7019,0
4.1324,-9.8026,0
-6.1333,1.8869,0
8.2239,-5.6825,0
7.3106,-7.1534,0
-2.9359,-10.721,0
-6.1973,1.0219,0
9.1187,-3.6636,0
-5.1409,4.6966,0
-0.2678,-10.871,0
0.81998,7.9265,0
-3.4538,6.5076,0
1.9605,-3.6662,0
6.7307,-7.7014,0
-3.3564,-3.9718,0
0.51673,8.0659,0
9.0587,-3.8915,0
-0.66022,-4.618,0
-5.4511,-1.7457,0
4.3746,-9.5681,0
2.6806,7.9166,0
4.8222,7.1634,0
-3.3471,-10.631,0
0.34728,-10.779,0
-5.7064,-9.9721,0
4.7709,-9.3016,0
9.3124,-2.9066,0
-3.601,-10.485,0
2.1344,8.0059,0
6.491,5.9247,0
-2.6474,7.0963,0
-2.0528,7.2994,0
2.5482,-10.376,0
8.8123,-4.8184,0
-1.075,7.7481,0
8.9366,2.7733,0
2.9366,0.79969,0
0.098008,-4.6902,0
3.3626,-0.30201,0
3.6784,-9.9795,0
2.7675,-2.804,0
0.60108,-4.5591,0
3.5223,-9.9748,0
8.144,-5.9415,0
3.3146,-0.015501,0
-2.2615,-4.5969,0
1.9494,8.0748,0
8.1055,-6.0507,0
-5.087,4.7311,0
2.5538,-10.349,0
-4.7034,-10.245,0
-0.34367,7.9696,0
8.0024,4.3246,0
-3.249,-4.1789,0
-4.8793,5.004,0
-5.4503,4.1618,0
-3.4678,-3.8938,0
-5.2966,4.646,0
9.4497,-1.9264,0
6.9768,5.3635,0
-4.8181,-2.7453,0
0.75045,-4.4031,0
-6.1864,1.6408,0
3.8911,-9.8719,0
1.513,-10.623,0
-5.1132,4.8586,0
3.4401,-1.4305,0
5.1795,6.8386,0
6.0091,-8.4024,0
-5.0236,-2.4199,0
9.3705,1.1208,0
8.6897,-4.9542,0
-1.6471,7.5501,0
-0.67708,-11.012,0
2.1956,-10.533,0
9.2768,-3.4582,0
9.485,0.8412,0
-5.3961,-1.897,0
7.9335,4.4005,0
7.9989,-6.1144,0
-3.9939,-3.5557,0
8.918,-4.1727,0
-3.2005,6.6719,0
9.5937,-0.63514,0
1.7527,-3.8722,0
-4.9868,-10.254,0
9.6325,-1.6029,0
7.6809,-6.553,0
8.5671,-5.2218,0
0.61652,-4.5727,0
6.571,6.0235,0
3.3933,-1.5337,0
0.20149,7.9398,0
8.5885,-5.1654,0
9.4862,-0.31018,0
7.4206,-7.013,0
-2.3681,-4.4604,0
9.1794,1.5119,0
-2.9924,-10.707,0
-1.7226,-10.828,0
7.9015,4.4598,0
4.3211,-9.6834,0
2.1147,-3.5153,0
4.5908,-9.4619,0
-1.1183,7.725,0
4.074,-9.7316,0
9.3603,1.2527,0
-4.7515,-2.9129,0
0.59001,-10.823,0
-2.5872,7.2206,0
-5.1987,4.6799,0
-4.8805,-10.24,0
-3.8148,6.2843,0
-5.8871,3.2714,0
5.1597,-8.964,0
6.8256,5.6504,0
-6.2869,0.47053,0
-6.2318,0.40556,0
8.0382,-6.1624,0
-1.931,-10.842,0
-0.17869,7.8813,0
3.3623,-10.093,0
2.7236,-10.268,0
-5.2899,-2.2206,0
-1.6589,-4.7132,0
-5.4642,-1.8507,0
-6.1763,0.26459,0
5.3363,-8.9574,0
-1.4968,7.5136,0
3.2521,-10.17,0
3.1653,-1.8739,0
8.6944,-4.7649,0
9.0596,-3.793,0
-1.2741,7.7554,0
-2.0068,7.3172,0
6.2871,-8.3344,0
9.3839,-2.9229,0
9.2,-3.4765,0
-0.74781,7.8674,0
-0.12518,-4.5666,0
-3.2416,6.6573,0
4.4451,-9.5476,0
7.7666,-6.3612,0
-1.6215,-4.7461,0
5.2553,-9.097,0
-6.1949,0.23528,0
9.599,0.21296,0
-4.2481,-10.477,0
6.3875,6.0818,0
-4.97,-2.6121,0
8.9132,-4.2723,0
5.4651,-8.9432,0
4.5277,-9.4046,0
-6.2047,0.97729,0
9.4188,1.1314,0
-4.439,-3.1567,0
3.2476,-10.096,0
8.0993,4.0497,0
-3.4337,6.5378,0
2.081,7.8686,0
3.4128,7.687,0
1.7569,-10.547,0
6.6895,-7.839,0
-4.9703,-2.6166,0
-2.6749,-10.801,0
8.3493,-5.7136,0
-5.3162,4.5571,0
-5.4053,4.3889,0
9.5007,-1.8502,0
-2.1705,7.2386,0
8.5903,-5.1843,0
3.085,-10.293,0
8.408,-5.5402,0
-5.3352,4.3922,0
-3.9222,6.239,0
-2.7473,-10.77,0
-0.66154,-4.689,0
-1.2531,-4.6595,0
9.6035,-1.1299,0
-4.7755,-2.8664,0
8.6999,2.8896,0
-4.6483,-10.361,0
9.5573,-0.98215,0
-0.77913,-11.037,0
8.5384,3.4444,0
-5.2003,4.6024,0
-3.0164,-10.779,0
-4.7248,-3.0341,0
6.9159,-7.5538,0
1.4109,-10.64,0
-3.7319,-3.813,0
-6.1927,2.1196,0
1.5631,-10.743,0
8.6386,3.1736,0
5.833,6.502,0
-2.9006,-10.852,0
3.251,-1.5041,0
6.8956,-7.4816,0
3.374,-1.6079,0
-4.304,5.8592,0
9.5109,-0.94004,0
-2.8171,-4.286,0
7.7564,-6.698,0
-6.1613,1.5743,0
-6.1165,-0.50571,0
5.4867,-8.882,0
9.538,-0.55784,0
3.358,-1.6669,0
-5.1123,-10.199,0
1.3043,1.8609,0
5.1844,6.9876,0
-6.0021,2.9596,0
-1.0174,-4.7717,0
0.23359,8.075,0
7.9644,-6.3983,0
0.23626,7.9579,0
8.9975,-4.2768,0
0.28128,-4.5699,0
8.0004,-6.1019,0
-6.1176,-0.50897,0
-1.7457,7.447,0
-5.9417,-0.56102,0
0.69403,-10.89,0
2.0683,-10.631,0
0.64186,7.9394,0
9.1167,1.802,0
-4.9122,-10.126,0
9.3368,-3.2524,0
8.7168,3.2299,0
4.4893,-9.5239,0
1.0254,-4.2836,0
9.2888,-3.0278,0
-6.2337,1.7379,0
-6.2404,0.67148,0
-4.6347,-10.265,0
-4.49,-3.2985,0
-3.4352,6.4895,0
2.9189,-2.5106,0
5.9852,-8.5636,0
-6.1677,-0.056916,0
-1.3611,-4.7365,0
0.6781,-4.4343,0
3.1132,-10.159,0
-2.1214,-4.5784,0
3.6384,-9.9157,0
8.5661,-5.315,0
4.2957,7.2454,0
-2.2191,-10.836,0
4.5266,-9.5531,0
-0.14508,-10.936,0
3.0845,7.8081,0
-2.3893,-10.774,0
-5.7937,-1.3351,0
-3.926,6.0441,0
-6.315,1.0636,0
-2.9896,-4.1481,0
5.48,6.6434,0
8.9401,2.5677,0
7.9625,4.4217,0
6.7418,-7.7571,0
9.553,0.36257,0
-3.1239,-4.1582,0
-3.6183,6.5184,0
8.3484,-5.7358,0
3.7048,-9.8968,0
0.51112,-4.5454,0
1.0122,-4.3272,0
7.2341,5.3125,0
3.0868,-2.4031,0
-1.413,-4.7684,0
3.56,-9.9282,0
-1.7811,7.4297,0
8.7902,3.0818,0
7.9304,-6.5052,0
8.9608,-4.31,0
1.1233,-4.2624,0
9.4639,-0.11888,0
-6.1368,-0.32424,0
3.1824,-10.065,0
-2.5306,-10.874,0
-4.222,-3.4497,0
-5.2836,-2.138,0
9.6113,0.23419,0
0.63973,-10.719,0
-3.9372,6.1739,0
9.5359,-1.4832,0
9.3417,1.4457,0
2.6105,-10.389,0
3.1586,0.25549,0
-3.7108,6.325,0
-4.5447,-10.349,0
-5.3493,4.3375,0
-2.0348,7.3421,0
1.0425,7.9171,0
8.3333,3.7464,0
5.0547,-9.165,0
8.7619,-4.8153,0
1.8421,8.0249,0
0.82954,-4.4364,0
-1.9451,7.4662,0
6.9225,5.4936,0
8.273,3.6412,0
3.2153,-10.239,0
0.36672,-10.781,0
-1.3184,7.5533,0
3.3925,-0.28301,0
3.4516,7.5887,0
0.24365,-10.884,0
3.6803,-9.9793,0
6.6895,-7.8476,0
-6.2739,1.5658,0
0.63011,-4.5442,0
9.4023,0.37793,0
-5.6366,3.9054,0
-6.1006,-0.45735,0
-4.6566,5.5358,0
-5.9151,-1.0461,0
2.9804,7.7718,0
3.0377,-2.3377,0
2.7472,-2.9604,0
8.7166,-4.8463,0
-5.3308,-10.041,0
2.2036,-10.442,0
-6.0993,-0.14466,0
9.4888,0.5193,0
-2.0015,7.3162,0
1.4767,-4.1479,0
-0.086819,7.8571,0
9.3772,-2.9546,0
1.4677,8.0825,0
-0.50733,-10.983,0
-5.786,3.4656,0
8.8055,2.8928,0
9.5584,0.46932,0
-1.5461,7.5064,0
-0.98071,-4.772,0
7.063,5.5424,0
-6.0572,-0.51377,0
1.0649,1.8483,0
6.9938,5.523,0
9.3693,-2.7062,0
1.2073,-10.739,0
-1.722,7.483,0
6.4543,-8.0572,0
7.0657,-7.4129,0
9.441,0.85362,0
-5.0267,-2.6248,0
9.6584,-1.0945,0
-4.2818,-3.3846,0
-6.2617,0.45021,0
-5.9623,2.7124,0
3.297,7.6085,0
1.485,-4.0245,0
8.9547,2.3026,0
-4.8543,-10.292,0
-2.2004,7.3317,0
8.6209,-4.9627,0
1.2912,-10.799,0
-1.5819,-4.6458,0
-3.9039,-3.7995,0
-5.4849,-9.9616,0
1.2313,7.9838,0
-6.3344,1.0689,0
2.9882,-10.255,0
5.5815,6.6894,0
8.3217,-5.8245,0
-0.12363,-10.884,0
2.1987,1.5265,0
-1.6429,7.4876,0
-2.8763,-10.769,0
6.854,-7.6709,0
-4.8223,5.1673,0
8.9842,-4.4247,0
0.44529,-10.889,0
-2.6024,7.0745,0
0.268,-10.866,0
-4.5429,-3.1145,0
8.11,-6.0236,0
-2.5017,-10.884,0
5.5377,-8.9164,0
8.0108,-6.3953,0
-2.7909,-10.825,0
9.5259,-1.2512,0
2.4129,-10.481,0
0.16658,-10.903,0
-5.7641,-1.1633,0
-5.4309,4.3666,0
6.6594,5.7675,0
0.25641,7.9017,0
-0.76401,7.8246,0
-0.20526,-10.991,0
-2.5214,7.0946,0
-5.1579,-10.161,0
5.2371,-9.1608,0
1.7274,-3.9409,0
7.4773,-6.8697,0
5.7805,6.5955,0
-5.2451,4.6302,0
0.82189,7.9532,0
2.9905,0.67706,0
-2.1368,7.3053,0
4.4184,7.3202,0
7.4109,4.9874,0
-5.6644,-1.5827,0
6.8222,-7.7676,0
8.0023,-6.2193,0
-1.3184,-10.836,0
6.5983,-7.9634,0
-1.3418,-4.6991,0
8.544,3.3045,0
8.0799,-6.0402,0
-1.4843,7.6056,0
-3.2041,-10.698,0
8.7833,-4.8431,0
0.68509,-10.924,0
-0.12084,-10.838,0
3.0005,-2.2708,0
6.6601,-7.9426,0
-6.2516,0.41557,0
6.7145,-7.8452,0
6.0272,-8.4634,0
1.9863,-3.5868,0
9.5077,-1.1657,0
3.9887,7.5865,0
-2.9391,-4.1983,0
-5.202,-2.4105,0
0.90978,8.0987,0
1.067,1.8997,0
-0.86724,-10.958,0
-0.21731,-10.878,0
-5.4314,-9.9275,0
4.4864,-9.5635,0
1.1724,7.9832,0
-4.4387,5.7653,0
-6.1644,2.0615,0
4.6079,7.1772,0
-5.1968,-2.4106,0
3.4252,-9.9978,0
-5.6706,-9.91,0
8.4732,3.2884,0
-1.5305,-4.6442,0
1.153,7.952,0
-1.9783,-10.895,0
-2.612,7.0221,0
9.0823,2.1034,0
3.3077,7.7038,0
-2.163,7.2814,0
1.291,-4.2048,0
-1.9652,-4.5083,0
-4.3883,-3.1746,0
6.7694,5.7482,0
-4.9636,-10.243,0
-6.1563,0.35808,0
8.1941,-5.988,0
3.2328,7.8081,0
3.4096,-0.82281,0
-6.3044,0.8933,0
-4.9895,-10.176,0
-1.4929,7.5942,0
3.0225,-2.4847,0
5.39,-8.8538,0
1.2745,-4.0993,0
-0.06969,-4.5745,0
-5.269,-2.2905,0
-4.984,-10.076,0
9.4084,0.57137,0
-5.387,-9.941,0
7.4435,4.9336,0
6.0756,-8.4548,0
-3.3834,-4.0461,0
-3.3359,6.6056,0
8.9615,2.3205,0
7.628,-6.5342,0
-3.5355,6.6284,0
-1.1371,-4.8027,0
3.7854,-9.9111,0
3.3935,-1.0074,0
-1.8362,7.5048,0
1.1327,-10.722,0
-0.4483,-4.6764,0
-1.5299,-10.926,0
9.0829,2.0739,0
2.8363,-2.6662,0
8.9758,2.1368,0
5.5673,-8.8205,0
-2.9208,-4.3544,0
7.356,-7.0173,0
-0.13046,-11.016,0
-4.4724,-10.356,0
3.9674,7.4973,0
-1.7779,-10.858,0
-4.406,5.7118,0
-0.64696,-4.6117,0
-1.4788,7.506,0
9.4127,-2.8175,0
-0.8867,-10.982,0
7.6896,4.7764,0
0.6403,-10.871,0
-5.4413,4.1292,0
-2.0613,-10.784,0
-3.0296,6.8287,0
2.6677,-2.9803,0
1.4731,8.0929,0
5.4981,-8.9023,0
-4.1693,5.9035,0
1.1091,7.9977,0
-5.6479,-1.5281,0
-1.4225,7.5899,0
-6.2837,0.74658,0
-6.1439,2.5258,0
-4.3291,5.6544,0
-2.2331,-4.4978,0
5.6938,-8.6765,0
8.9403,-4.4005,0
0.014639,7.8544,0
-6.0439,-0.28419,0
7.6741,-6.6469,0
-5.4514,-1.9358,0
8.9005,-4.5052,0
4.4067,-9.5694,0
-0.68879,7.7964,0
3.0037,0.65328,0
1.0776,7.9749,0
0.58799,8.0516,0
6.5625,5.8301,0
9.5734,0.050927,0
-2.9684,-4.3012,0
2.7009,0.98657,0
1.8416,-10.524,0
-0.25754,-4.6511,0
-4.8763,5.0756,0
-6.2072,1.1957,0
0.34112,7.9571,0
3.1354,7.6359,0
-4.4151,-3.1833,0
8.2463,3.8251,0
-1.8906,7.5193,0
8.5062,3.2938,0
0.97019,-4.3587,0
-2.1846,7.3533,0
1.4988,7.9516,0
4.0594,-9.7651,0
-0.44492,-10.976,0
-2.862,-4.433,0
-1.9936,7.3229,0
4.7304,7.2477,0
9.41,-3.167,0
-5.6203,-1.5578,0
-6.1058,-0.17089,0
0.73729,-10.731,0
9.5784,-2.0946,0
-5.8892,3.0647,0
8.5169,-5.3359,0
3.3824,-0.6431,0
3.1657,0.52041,0
-6.1815,0.33659,0
3.7617,-9.9328,0
-6.2059,0.91692,0
3.2647,-0.10345,0
-3.5525,-10.584,0
-1.2089,-4.678,0
-1.3509,7.6913,0
5.6647,-8.5824,0
-3.8173,-10.468,0
-1.3397,7.5208,0
-1.5282,7.6696,0
9.5774,-0.11295,0
8.0693,4.1279,0
9.6578,-1.2245,0
-0.24658,-4.6739,0
8.947,-4.2104,0
8.4744,-5.4647,0
9.1887,-3.3751,0
-1.873,-10.894,0
-0.3035,7.8948,0
2.4098,-10.505,0
-4.689,-3.1379,0
-1.8088,-10.981,0
2.2421,-10.484,0
8.9963,-4.1571,0
9.1009,-3.5708,0
9.1809,-3.281,0
2.8061,0.96955,0
9.2368,1.856,0
6.9492,5.54,0
9.487,0.74178,0
9.5729,-0.49059,0
-6.0412,2.6752,0
9.0615,1.8422,0
-3.1098,6.7125,0
-6.1835,2.3552,0
-5.4664,-2.0611,0
8.191,-6.0611,0
-1.7831,-4.7329,0
0.71241,-4.3504,0
9.2302,-3.1348,0
-5.7418,3.91,0
2.6854,-10.384,0
9.4867,-2.2138,0
5.3016,-9.0935,0
5.662,6.6125,0
5.3963,6.7684,0
-0.18996,7.9639,0
8.8534,2.8667,0
2.7895,-10.245,0
-4.7712,-3.0427,0
2.7312,-3.1102,0
-1.8235,7.4331,0
6.1909,-8.3419,0
8.8015,-4.4771,0
8.5668,-4.9476,0
-3.2171,6.7338,0
-4.862,5.1625,0
3.1143,7.7707,0
-3.977,6.1388,0
3.814,-9.9046,0
1.5555,-4.0051,0
-1.0741,7.7593,0
-0.17375,-4.7248,0
-2.4329,-10.846,0
8.6469,-4.8833,0
0.70817,-4.4209,0
-0.85404,-4.6974,0
-3.6915,-3.9118,0
-1.9643,-10.898,0
-1.1317,-4.6822,0
-2.0157,-4.5533,0
-5.056,-10.171,0
-5.4983,-9.9388,0
-3.1645,-4.1258,0
-3.2496,-4.0988,0
6.2798,6.0595,0
9.4891,-0.79203,0
-4.7278,5.3689,0
-4.0019,6.0888,0
8.317,-5.4745,0
3.4397,-0.31098,0
2.431,7.9366,0
-6.2176,1.3732,0
-4.9374,4.9644,0
1.1726,-4.2826,0
7.7981,4.6744,0
-1.2547,7.5495,0
-6.2307,-0.14666,0
5.7676,-8.6104,0
5.5995,6.6276,0
3.0625,7.7799,0
3.4718,7.6124,0
5.0304,7.0052,0
0.44225,-4.4476,0
7.0492,5.4184,0
-2.6263,-10.85,0
1.9733,-3.7396,0
1.0321,-4.337,0
5.6765,6.6164,0
-5.0582,4.8273,0
7.3671,4.9896,0
9.6492,-1.0657,0
5.8466,6.4319,0
-2.7749,7.101,0
-0.59648,-10.847,0
-3.2202,6.7274,0
6.8127,-7.7583,0
-6.1671,2.0911,0
5.5584,-8.74,0
9.4782,-1.06,0
6.2799,6.0611,0
3.3879,-1.0697,0
9.4153,1.0893,0
3.1749,0.4634,0
7.3423,-7.2896,0
-4.2552,5.9199,0
3.3209,-0.81681,0
-1.2147,-4.7132,0
-5.7576,-1.5463,0
9.4854,-0.11155,0
9.4769,-2.0187,0
-3.0494,-4.1489,0
-0.43566,-4.7332,0
-1.3973,-4.7044,0
-1.679,-10.913,0
1.4515,7.921,0
9.3857,1.4492,0
-2.2106,7.351,0
1.4578,-4.0101,0
3.3234,-10.023,0
9.3912,-2.7253,0
9.5728,-1.8767,0
3.4,-1.5489,0
-3.3176,-4.0849,0
1.4994,8.0852,0
-4.6168,5.335,0
-5.7006,3.7438,0
-5.6749,3.8729,0
-6.105,-0.10921,0
4.6289,-9.5063,0
-2.4316,-10.831,0
3.8581,7.6305,0
9.4411,-2.3993,0
-4.4331,-3.3575,0
5.6731,-8.715,0
-5.3377,4.3187,0
6.4563,-7.9955,0
0.077354,8.0374,0
9.4969,-1.1171,0
9.3514,1.0433,0
-2.7695,7.0631,0
1.3367,7.9362,0
8.5037,-5.3495,0
-5.6019,-1.5843,0
7.7814,-6.448,0
-3.2012,-10.749,0
7.334,-7.0654,0
-1.0866,-4.6249,0
0.28611,-4.5388,0
-3.9872,-10.57,0
3.3814,-0.25808,0
1.5413,7.9663,0
7.6478,4.7247,0
-3.3404,-4.0797,0
-2.4464,-10.801,0
0.88256,-4.4714,0
-4.6199,-3.0216,0
-0.070724,-4.749,0
4.4376,7.1571,0
2.2096,-3.4268,0
6.8691,-7.6692,0
2.6337,7.7869,0
9.1986,-3.2672,0
8.7525,2.8148,0
8.8805,-4.3985,0
2.0916,7.8743,0
8.626,-4.847,0
-2.8875,6.9283,0
3.1725,0.1952,0
3.4897,7.5612,0
9.5552,-0.22905,0
9.4281,1.1505,0
-5.5424,-9.8731,0
7.051,5.3806,0
-6.1809,0.13789,0
-5.4328,4.2296,0
-0.83782,-4.6806,0
-3.5936,-10.637,0
8.8645,-4.4084,0
3.0544,-2.3996,0
3.7236,-9.8033,0
-0.49701,-4.6449,0
5.5912,6.5122,0
2.2758,-3.5188,0
-0.43573,-4.7283,0
1.15,8.1055,0
-0.80866,-4.6889,0
-5.1908,4.6792,0
-5.5995,-9.9089,0
-3.835,6.2258,0
3.9291,7.4506,0
7.4973,4.8983,0
2.6238,-10.427,0
8.5871,-5.1668,0
-3.815,6.1008,0
2.5393,-10.325,0
-5.4388,-2.0011,0
0.23663,-10.869,0
-2.8419,6.9175,0
-0.42407,-4.7442,0
-1.3438,7.5584,0
-4.3736,5.7321,0
0.81484,-4.4226,0
8.887,2.6648,0
0.6871,-10.815,0
6.2932,6.0545,0
0.98992,-10.781,0
9.6578,-0.60559,0
-6.2833,1.0487,0
-5.131,4.7002,0
-5.6435,-1.5177,0
8.984,-4.2154,0
0.59316,-4.4473,0
0.62942,7.9204,0
-5.8355,-0.95413,0
8.2358,-5.9049,0
0.57876,-10.853,0
4.7223,7.1908,0
9.487,-2.3818,0
8.1888,-5.8919,0
3.2965,-10.18,0
2.4999,-3.2342,0
7.4948,5.1081,0
9.3485,-3.05,0
2.8235,0.85635,0
2.8733,0.89461,0
8.7753,2.8893,0
8.156,-5.998,0
6.2399,-8.2085,0
0.48944,-10.842,0
9.4723,-2.5331,0
9.5677,0.015927,0
7.8521,4.5168,0
8.6057,3.1523,0
-0.74529,-4.6497,0
-6.322,1.485,0
-1.0212,7.7925,0
3.6198,-9.8832,0
0.31939,-10.88,0
4.9721,7.0553,0
6.0574,6.4717,0
3.2113,-1.7185,0
-5.1634,-2.4527,0
-2.8579,-4.2441,0
0.039633,7.8548,0
-6.2193,0.51363,0
9.4866,-1.826,0
2.758,-10.37,0
-5.0201,4.9878,0
-4.6949,5.3099,0
9.1325,2.3072,0
-1.5489,-10.991,0
8.7898,-4.8143,0
-4.8775,-2.7098,0
2.5098,7.8456,0
-3.5135,-10.593,0
-5.2027,4.4785,0
-4.85,4.956,0
1.4129,8.1068,0
0.91337,-10.819,0
0.080422,-10.818,0
-5.3939,4.2287,0
-6.1836,1.244,0
0.60506,-10.794,0
-4.5312,-10.266,0
-3.743,-3.9482,0
-0.10105,7.908,0
5.3285,-8.9961,0
-2.2595,7.2776,0
7.5075,4.9474,0
8.6592,3.0442,0
7.6642,4.6454,0
4.0627,7.5019,0
-2.2424,-4.522,0
-5.0227,4.9412,0
9.1687,-3.8756,0
4.0947,-9.8471,0
-2.8282,7.0018,0
4.8589,7.0351,0
-5.574,-9.962,0
7.3263,-6.9622,0
-6.1358,1.7901,0
3.8831,7.5846,0
-4.4513,5.5877,0
-1.82,-10.876,0
9.1546,2.018,0
6.0042,6.491,0
4.7696,-9.2228,0
2.6554,7.9451,0
-2.7688,-10.872,0
-1.4001,7.6735,0
9.1935,-3.3278,0
-4.0746,-10.524,0
-2.1701,7.4219,0
0.85188,-4.472,0
-1.2554,-10.882,0
9.465,0.77774,0
0.64221,7.9995,0
-5.5184,-1.8919,0
-4.5732,5.5376,0
-5.5186,4.2056,0
6.4821,-7.9356,0
-2.307,-4.4348,0
-3.5388,-3.851,0
8.3939,-5.4262,0
4.9638,-9.1228,0
5.1904,-9.038,0
-3.8087,6.238,0
0.45616,-4.5299,0
8.367,-5.5034,0
1.0182,-4.3717,0
-0.61767,-10.872,0
-2.3916,-4.4111,0
-1.3254,-4.5964,0
7.1256,5.2605,0
9.2732,-3.6415,0
-2.4395,-10.801,0
-5.8901,2.9929,0
-2.0431,-10.856,0
6.3485,-8.1712,0
-0.83308,-10.87,0
-6.1781,1.5503,0
9.5818,-0.02126,0
-5.2156,-10.092,0
-4.6282,-10.375,0
-4.4671,-3.1874,0
3.1433,-2.2276,0
5.3283,-9.0169,0
-0.49793,-4.6055,0
8.3236,-5.6669,0
-6.0763,2.9171,0
-5.6009,3.7241,0
-0.11221,-11.009,0
8.9027,-4.2392,0
2.4068,-10.448,0
-5.6648,3.6578,0
-5.5711,-9.9985,0
-4.3617,5.8082,0
-3.1268,6.8346,0
-6.1148,2.7707,0
5.2093,6.8122,0
-3.1923,6.8263,0
0.12622,-10.941,0
8.6994,-4.8243,0
8.4435,3.7539,0
2.9053,7.7888,0
-0.16002,7.8885,0
-5.3007,4.4336,0
9.2665,1.735,0
8.0446,4.2918,0
-4.7324,-10.202,0
3.002,7.8653,0
9.1267,-3.7353,0
6.1028,-8.4062,0
6.8605,5.7474,0
5.2006,-9.0788,0
-3.2089,-4.1193,0
-0.10529,-4.6084,0
3.471,7.6934,0
3.7005,7.5058,0
-2.4413,7.0612,0
4.8366,7.048,0
4.4519,7.2822,0
-4.0066,6.0231,0
9.4005,0.40923,0
-2.6706,-10.712,0
8.6834,-4.8618,0
2.5916,-10.448,0
2.6445,-3.0773,0
9.518,-0.36896,0
-5.6005,3.8678,0
-5.3238,-2.2396,0
-3.7778,-10.573,0
8.1799,3.94,0
7.2002,5.2904,0
5.1668,7.0153,0
-2.0886,-4.6207,0
4.2297,-9.6734,0
-0.101,-4.6866,0
-0.24104,7.8557,0
9.1107,1.8953,0
-4.6551,-10.198,0
-1.9039,-10.846,0
-2.4156,-10.752,0
-2.3604,-10.824,0
8.7773,-4.435,0
6.6576,5.7122,0
7.9644,-6.3782,0
9.0668,-4.2174,0
-5.7414,-1.1685,0
-0.78197,-4.6309,0
0.080843,-10.947,0
-3.0836,6.7201,0
0.31382,-4.5341,0
-0.88833,7.8205,0
8.0748,4.124,0
7.7046,4.7333,0
-0.29125,-4.6816,0
3.54,7.6598,0
8.0391,-6.0979,0
-6.0595,-0.46211,0
7.3557,-6.9771,0
6.9211,-7.7343,0
8.6925,-4.9418,0
-1.5775,7.5106,0
-4.1507,5.9938,0
3.4385,7.7068,0
-3.6133,6.4304,0
9.2872,-3.6203,0
9.2176,1.2375,0
-4.7499,-3.0011,0
9.3771,0.9199,0
-2.3422,7.2605,0
-2.1788,-10.893,0
9.4183,0.42879,0
8.7637,-4.8588,0
6.6633,5.7577,0
1.8944,-3.8206,0
-1.7848,7.4088,0
9.3006,-3.1547,0
3.2488,-0.36728,0
1.2557,-4.1756,0
3.3897,-0.97086,0
9.5895,0.10771,0
5.8575,-8.4486,0
5.5701,6.5533,0
7.0926,-7.3146,0
7.7133,4.5034,0
-2.9271,6.8205,0
6.5568,5.9469,0
-1.9746,7.2755,0
-5.7408,3.3788,0
7.8222,-6.5266,0
7.6487,-6.7047,0
0.9255,8.0098,0
2.8185,0.90896,0
6.0914,6.174,0
-6.023,3.044,0
-3.7743,6.3133,0
3.1532,7.822,0
8.3301,-5.4993,0
2.132,-3.4676,0
5.4843,6.7029,0
-6.1462,1.9484,0
9.6105,-1.6146,0
-6.2861,1.1394,0
5.5819,-8.7154,0
-5.8884,3.2752,0
8.6243,-4.925,0
-4.5851,-10.354,0
-3.5178,-10.672,0
7.5051,5.0079,0
8.188,3.9265,0
1.384,1.8152,0
-3.426,6.5279,0
0.58466,-10.762,0
7.3926,-6.9818,0
-0.43252,-4.7139,0
-6.1442,-0.33554,0
-2.8706,6.9057,0
7.6826,-6.6296,0
-1.0983,-10.885,0
8.9776,-4.2998,0
6.1518,6.262,0
9.1328,1.725,0
-3.7001,-3.8102,0
-5.8953,-0.88217,0
-2.1502,-10.927,0
5.2726,6.833,0
1.6013,-10.588,0
7.2349,5.0895,0
7.2572,5.2156,0
8.2511,-5.847,0
8.8168,2.864,0
-3.9001,-10.479,0
8.0505,4.0466,0
8.2997,3.7762,0
2.5352,1.1699,0
-3.3992,6.5801,0
-5.3485,-2.2954,0
2.2375,-10.393,0
-0.83864,7.7121,0
0.38787,-10.808,0
1.9136,-10.579,0
-0.01847,-10.962,0
-0.91557,-10.951,0
-2.5992,7.02,0
-1.4376,-10.881,0
-6.1771,0.72292,0
1.4159,1.9577,0
-6.1985,0.60267,0
8.356,-5.6174,0
7.5412,5.0498,0
3.2569,-10.128,0
-0.73735,7.8813,0
0.29761,-4.6061,0
8.7721,2.7542,0
-3.3607,-10.588,0
5.0614,6.856,0
1.9712,7.974,0
7.6053,4.7571,0
4.1124,7.5227,0
-2.4618,7.0802,0
-2.0451,-4.557,0
9.3923,-2.7586,0
-3.4098,-3.9609,0
-3.1254,6.8484,0
-6.0814,2.4831,0
3.2533,-1.3743,0
9.1022,1.9859,0
-1.433,7.4871,0
3.2778,-10.08,0
6.8562,-7.5981,0
7.4651,4.9384,0
4.2524,-9.6871,0
3.2454,-1.7981,0
-5.6671,3.7765,0
5.3848,-8.8315,0
-6.0658,2.6584,0
1.0282,8.0514,0
0.95183,-10.694,0
-5.5039,-9.9698,0
2.6379,-10.379,0
-3.7378,6.2574,0
2.0843,1.6351,0
2.0789,-3.552,0
-5.4001,4.3187,0
9.5986,0.004568,0
3.4028,7.7003,0
9.6637,-0.89341,0
-4.446,5.7274,0
-6.1561,0.52225,0
4.9273,7.0401,0
9.4167,0.76992,0
8.096,4.0053,0
7.5342,-6.7846,0
-6.2745,0.63557,0
-2.5103,-4.5142,0
-2.1576,-10.848,0
2.676,1.1618,0
0.85601,-4.4255,0
-4.6305,-10.25,0
-5.6958,4.0488,0
-6.2098,1.5748,0
-4.5373,-10.311,0
2.2109,-10.556,0
-2.9784,-10.724,0
2.5499,7.8587,0
-6.0844,2.3388,0
9.4973,0.13004,0
3.2054,0.35076,0
-1.4724,7.6175,0
3.2799,-1.8634,0
2.5534,-10.343,0
-6.3025,0.59782,0
0.98269,-4.4341,0
6.8839,-7.6831,0
-6.1013,2.5363,0
-5.3581,4.3739,0
9.4884,-2.7245,0
-5.363,4.4381,0
-3.941,6.2975,0
9.0062,-4.0213,0
8.182,-5.895,0
7.7836,4.6936,0
-0.96288,-10.874,0
7.8003,-6.4768,0
6.8132,5.8587,0
-1.0982,-4.7464,0
-3.1928,-4.0904,0
8.1471,-5.96,0
-2.2509,-4.6069,0
8.153,-5.8179,0
-5.8056,3.6106,0
-2.5581,-4.3416,0
-5.0277,-10.131,0
8.2612,-5.9289,0
0.17581,-10.932,0
8.7575,2.9184,0
-0.13538,-10.878,0
7.2157,5.2058,0
7.7541,4.5656,0
-4.8851,-10.154,0
8.1332,4.1486,0
7.2603,5.1404,0
6.073,-8.377,0
-2.1133,-4.5565,0
8.4732,-5.4356,0
-3.5674,6.4667,0
5.7679,6.5146,0
6.8052,-7.6748,0
7.5909,4.6634,0
-2.2801,-10.899,0
4.9781,-9.0901,0
-5.877,3.1503,0
9.3296,-2.761,0
6.0257,6.3555,0
-5.5779,-1.7131,0
2.2823,-3.3684,0
-2.2047,7.2232,0
1.9187,8.01,0
3.3864,-0.10571,0
1.7951,1.6623,0
-5.6427,-1.6261,0
8.3763,-5.3538,0
2.3543,-3.3378,0
9.273,1.343,0
8.475,3.708,0
-6.0964,2.8189,0
8.964,-4.4563,0
1.2535,-10.707,0
1.4247,8.0198,0
3.3706,-1.3359,0
3.9658,7.5332,0
-0.12856,7.8437,0
-4.9256,5.0575,0
3.0798,-2.3777,0
-4.9675,-10.263,0
8.5591,3.2325,0
6.8049,5.655,0
-1.2799,-10.957,0
-5.9682,2.7336,0
8.9752,2.3048,0
2.4936,7.9599,0
2.7918,7.8824,0
-0.02409,7.9854,0
-0.56988,7.8265,0
-4.933,4.8963,0
8.872,2.9325,0
9.5828,-1.1324,0
-2.7578,-4.2601,0
-4.1409,5.8847,0
3.3808,-1.1997,0
-2.8928,-4.3452,0
6.2887,6.0149,0
0.34709,-10.833,0
2.3316,-10.423,0
-6.0084,2.9528,0
-4.0221,6.118,0
3.4365,-1.0649,0
-5.8373,-1.2881,0
-2.0121,-10.895,0
8.7567,2.8149,0
3.8416,7.5035,0
2.4721,-3.1432,0
-5.4641,4.3202,0
1.8763,7.9435,0
-5.1044,-10.119,0
-6.0242,-0.61431,0
-4.292,-3.4332,0
5.3207,-8.8768,0
5.8793,6.4949,0
-0.58082,-10.98,0
-1.1877,-4.6271,0
-0.66505,7.8942,0
-2.9965,6.9308,0
1.3484,-4.2069,0
3.5354,7.7141,0
5.6322,6.6023,0
4.6159,-9.4825,0
-2.565,-10.906,0
9.4749,-0.18061,0
-0.79663,-4.7831,0
-5.9017,3.4394,0
2.5256,7.9985,0
-6.0359,2.8999,0
8.138,-5.8883,0
-3.3946,-4.0175,0
5.9381,6.3271,0
1.0427,7.9808,0
-1.7915,-10.934,0
9.626,-0.81234,0
3.288,0.16492,0
1.8535,-10.626,0
1.262,-10.629,0
-6.1434,2.6383,0
-5.7217,-1.4688,0
8.3455,3.9017,0
2.6936,7.8748,0
-6.2202,2.1592,0
7.0485,-7.5481,0
-4.2674,-3.4225,0
9.0001,2.6113,0
8.0003,-6.1791,0
0.25042,-10.893,0
3.4779,7.5612,0
9.3158,-3.1811,0
1.6007,-10.621,0
6.4432,-8.1998,0
7.0511,5.5207,0
-5.8293,3.4692,0
9.3701,1.2869,0
-6.2649,1.1559,0
7.1532,-7.2832,0
8.8032,-4.554,0
-1.545,-10.935,0
1.1435,-4.187,0
-1.9865,7.3053,0
-5.9461,-0.58908,0
9.6546,-1.4518,0
7.3289,-7.0924,0
5.5114,6.6847,0
0.81618,8.0367,0
8.9554,2.6532,0
-3.3075,-10.678,0
-3.6259,6.3084,0
0.21701,-4.517,0
9.5814,-2.0767,0
-5.9345,3.0894,0
3.2931,-0.89609,0
-2.4362,-4.3941,0
-0.28215,7.8661,0
-4.0847,-3.6054,0
-5.5366,3.9948,0
-3.4474,6.5535,0
4.1401,-9.6253,0
9.4205,0.9316,0
0.79876,-4.4329,0
1.1276,-4.3454,0
-5.3051,4.5075,0
-4.6804,5.2306,0
8.7611,-4.8317,0
3.8423,-9.7922,0
9.0328,-3.9265,0
-3.9706,-10.55,0
9.4094,0.49343,0
9.4605,-2.1934,0
9.5339,-2.4556,0
6.2252,6.098,0
-4.6964,-10.27,0
7.5271,-6.9144,0
-6.2714,0.23535,0
-5.5043,3.9012,0
8.4764,3.4245,0
-6.1029,2.7907,0
7.5363,-6.7217,0
6.8783,-7.5867,0
8.9313,2.7544,0
-1.8081,-4.5733,0
8.792,-4.467,0
2.8417,-10.25,0
9.3428,0.97048,0
0.14341,7.9511,0
9.341,1.5909,0
-0.48818,7.8122,0
-2.6793,-10.875,0
-4.4735,-10.342,0
-4.9053,5.1238,0
0.50487,8.0509,0
-2.5186,7.0265,0
-5.8006,-1.1583,0
3.2884,-10.051,0
-4.5881,-10.388,0
-5.8465,-0.94991,0
-0.53134,-4.7648,0
-4.3197,-3.4011,0
8.9756,2.3384,0
4.3303,-9.6135,0
8.6605,3.0172,0
9.494,-1.6062,0
-0.47902,7.782,0
9.5652,-2.1586,0
-5.2697,-2.2637,0
-0.016719,-10.873,0
5.197,6.7933,0
-3.9437,-10.48,0
-5.3053,-2.1346,0
9.4651,-1.4304,0
0.39153,8.0419,0
9.4216,-2.9171,0
3.4055,-0.27917,0
5.7036,-8.7361,0
2.3388,1.3809,0
9.4188,0.50996,0
-1.0525,-4.6529,0
9.3663,-2.9967,0
-2.6588,-10.854,0
0.097284,-4.6134,0
7.8473,4.6264,0
-5.6242,-1.5843,0
-0.72581,7.7098,0
9.2986,-3.1641,0
2.4592,-3.3199,0
0.80044,1.9598,0
-6.0924,-0.53067,0
9.3056,1.5031,0
5.9403,-8.407,0
5.1913,-8.9997,0
8.7147,2.9976,0
2.1306,-10.505,0
2.9062,-2.6358,0
8.1972,3.8552,0
-2.86,6.8926,0
9.4632,-1.5501,0
1.2243,8.0826,0
7.2994,5.1264,0
-0.3098,-4.6281,0
5.4479,-8.9166,0
-3.6624,-3.9147,0
9.3301,1.2778,0
1.7333,7.9728,0
9.1923,-3.213,0
7.1721,-7.4429,0
6.9927,5.5617,0
-3.6778,-10.596,0
-5.7108,-1.5311,0
-3.5227,6.5863,0
5.8995,6.5206,0
-2.7457,-10.726,0
8.0443,-5.887,0
-3.789,-3.8518,0
3.3184,-0.12168,0
9.6406,-0.92194,0
0.8908,-10.828,0
8.5561,-5.2787,0
0.76073,8.097,0
0.31369,-10.787,0
9.5682,-0.17936,0
-5.9713,2.9295,0
1.4216,1.8116,0
-4.7762,-3.0225,0
5.344,-9.0162,0
-1.1863,-4.6869,0
-3.7914,-10.494,0
8.1795,-5.9386,0
-5.3879,4.5552,0
-5.0433,4.825,0
-3.3538,-10.556,0
-6.2598,1.845,0
-3.6706,6.347,0
2.2244,1.4923,0
2.4845,-3.1066,0
-0.16278,-4.7222,0
9.05,2.2119,0
7.486,4.8644,0
-2.947,-10.738,0
3.876,-9.8319,0
-0.34943,7.8326,0
1.9202,1.5947,0
-4.0168,-3.7484,0
-1.454,7.5386,0
0.18716,-10.923,0
0.74151,8.0917,0
7.436,-6.8931,0
-2.7703,-10.687,0
0.78478,7.9572,0
1.3137,-10.683,0
1.6185,8.0781,0
-4.5538,5.6083,0
2.8542,0.83253,0
2.8586,-2.8711,0
-5.9577,2.8568,0
3.2211,-1.7477,0
-0.037311,-10.936,0
9.5329,-2.1015,0
7.3369,5.0857,0
4.0848,-9.6207,0
7.4369,5.1319,0
-0.50747,-11,0
2.3584,-3.2513,0
-4.2619,5.8387,0
-3.4626,-10.566,0
-0.62019,-10.983,0
-4.7143,-10.228,0
1.8021,-10.688,0
-6.2578,1.6021,0
-0.020179,7.8943,0
-0.891,7.8766,0
6.9133,5.6201,0
5.0942,-9.1552,0
9.4328,-3.0419,0
8.2195,3.9234,0
3.3461,-0.6957,0
9.4768,0.7227,0
6.2829,-8.2774,0
-3.2926,6.549,0
3.2242,-1.9256,0
-0.12172,7.9997,0
-5.5457,-1.726,0
0.87062,7.9464,0
-6.2978,1.7617,0
7.0551,5.3156,0
7.2509,-7.0321,0
-4.7057,-10.194,0
-6.2305,1.7845,0
-3.0576,-10.77,0
-5.1899,4.5184,0
8.7828,-4.6275,0
-2.8997,-4.2477,0
7.0316,-7.5341,0
5.6683,6.6239,0
4.4509,-9.5605,0
2.6628,-10.295,0
8.6096,3.1335,0
-1.97,7.4134,0
0.054429,-4.6125,0
1.8274,7.9802,0
6.5379,5.9704,0
-0.7448,-4.7131,0
2.8568,7.9061,0
-3.8006,-3.9016,0
6.2346,-8.2818,0
9.472,0.39196,0
-2.4672,-4.3878,0
-5.5405,3.9384,0
4.79,7.1637,0
-4.8225,-10.13,0
-0.85642,-4.8114,0
1.0361,7.9904,0
-5.878,-1.0418,0
6.7536,-7.7431,0
-4.6434,-2.9757,0
-6.1531,-0.1631,0
2.2505,-10.501,0
-6.2973,1.8662,0
0.35414,-10.951,0
7.9845,-6.1668,0
9.4213,1.2388,0
6.2641,-8.0699,0
-1.9047,-10.836,0
-3.036,-10.85,0
6.233,-8.2927,0
-3.0868,6.8562,0
9.4779,-2.6853,0
8.8172,2.6515,0
4.4622,-9.5538,0
9.4681,-2.371,0
-4.1658,-10.442,0
-1.5453,-10.864,0
-4.2431,-3.4229,0
8.6716,3.1932,0
9.096,1.9644,0
9.539,-0.54614,0
8.8338,3.0702,0
-6.2506,0.67854,0
4.2155,7.3418,0
0.10966,8.0283,0
2.2418,7.9095,0
6.6836,-7.8867,0
9.451,-2.4212,0
-6.2539,1.359,0
-6.258,2.0071,0
8.0483,4.0597,0
2.8617,0.96335,0
7.0196,-7.5053,0
-4.5635,-10.404,0
6.1618,6.1724,0
-0.96129,-4.7753,0
8.3029,-5.7099,0
-2.2098,-10.941,0
-3.5899,6.2801,0
-3.1859,6.7711,0
6.8587,5.6654,0
-3.9944,-10.412,0
-2.4208,7.1287,0
9.3518,1.4382,0
3.2584,-1.4511,0
1.3885,-10.786,0
-4.1298,-10.498,0
5.1995,-9.1367,0
3.3032,-0.027487,0
-3.3757,-4.1099,0
0.86735,8.1097,0
-2.512,-4.4538,0
1.312,7.9383,0
4.5308,7.3788,0
6.0121,-8.3393,0
4.4484,7.4058,0
2.6729,1.2262,0
-3.2607,-4.0647,0
-6.168,2.0498,0
5.9039,-8.5279,0
3.5485,-10.121,0
0.81995,-4.4874,0
8.5461,3.2615,0
2.6087,1.0734,0
3.0741,7.8601,0
9.5317,-0.063771,0
8.5398,3.34,0
-4.5439,5.3484,0
-1.5828,-10.884,0
6.012,-8.4019,0
5.9679,6.3701,0
-4.0393,-10.44,0
-4.514,5.5757,0
8.1517,-5.7849,0
-1.9572,7.3843,0
6.7456,-7.8874,0
9.4027,0.27463,0
1.334,-4.1075,0
8.1941,-5.9679,0
-5.4661,-1.984,0
9.3662,-3.0509,0
-1.8311,-4.6018,0
2.6155,-3.0648,0
-2.5827,-10.779,0
9.4269,0.53281,0
-0.81179,7.7755,0
2.3093,1.4121,0
2.5726,1.1352,0
5.7998,-8.6921,0
-2.8413,-10.85,0
-6.2507,0.96669,0
-4.7005,5.2309,0
3.1414,-2.3201,0
1.2338,8.066,0
-5.1955,4.5933,0
9.2137,-3.2323,0
-2.1903,7.2161,0
2.5708,-10.441,0
9.5413,-1.4124,0
1.254,8.0458,0
-5.142,-10.076,0
4.3313,-9.5799,0
8.8446,2.9008,0
1.0718,-4.3583,0
9.5872,-1.2558,0
7.9376,-6.168,0
2.9811,0.49447,0
-1.4592,7.7079,0
4.3486,-9.592,0
8.4603,-5.3884,0
2.2868,7.8342,0
-3.5571,6.3063,0
4.0422,-9.8756,0
1.4779,-10.736,0
3.5761,7.5974,0
-5.9045,-1.301,0
-0.089689,7.9244,0
2.156,-10.613,0
1.5498,-10.644,0
-5.8717,3.2611,0
7.4453,-7.0311,0
-4.0331,5.9763,0
7.0202,-7.5796,0
2.9697,-2.3615,0
9.334,-3.1064,0
-3.2153,6.6494,0
-0.39831,7.8055,0
9.4207,-2.0017,0
4.3591,7.3592,0
8.3142,-5.4051,0
-2.3772,-4.5351,0
-5.8811,-1.2112,0
8.1652,-5.8458,0
6.8206,5.6907,0
-5.7617,-1.4915,0
-0.22598,-4.6553,0
6.3953,-8.181,0
7.8663,4.563,0
5.0166,7.053,0
0.47716,-10.812,0
9.5939,0.18801,0
9.0092,-4.1868,0
1.3845,1.8287,0
3.3213,7.6656,0
-4.5388,-10.376,0
1.664,8.0778,0
9.4305,1.2015,0
-0.31376,7.8595,0
3.2557,0.24999,0
0.43015,8.0683,0
0.35433,-10.814,0
-5.0196,4.8946,0
8.1058,3.9788,0
-6.2965,1.0101,0
3.7167,-9.9311,0
9.0915,-3.8298,0
6.6566,-7.8489,0
9.5577,-0.49972,0
8.0732,4.0454,0
6.0055,6.3093,0
6.1471,-8.4656,0
3.4389,-0.7771,0
9.333,-2.5534,0
9.4625,1.0625,0
4.0245,7.4343,0
7.6256,4.7206,0
0.52669,-4.5185,0
-6.1749,0.15941,0
-3.3871,-3.8917,0
3.6387,-9.983,0
-6.1725,1.3631,0
9.1596,-3.7266,0
0.98339,1.9196,0
7.8716,-6.4033,0
9.4998,-2.1252,0
-3.062,-10.731,0
1.6031,-10.667,0
8.8445,2.7931,0
0.51445,1.7557,0
3.6987,-9.8822,0
-2.3371,-4.5811,0
-5.5351,-10.046,0
2.0622,-10.574,0
2.4118,-10.432,0
-3.6429,-10.681,0
9.5123,-0.12009,0
-3.3893,6.605,0
8.7221,-5.0078,0
1.7732,-3.9163,0
8.2839,-5.9156,0
7.5106,-6.9167,0
-5.2453,-9.9959,0
-5.0417,-10.229,0
9.2576,-3.4641,0
-3.0759,-10.778,0
5.9308,6.5221,0
8.435,-5.1664,0
9.5547,-1.703,0
-2.5361,-4.4291,0
-5.8511,-0.81694,0
8.7444,-4.7919,0
-5.2242,4.581,0
-2.207,-10.827,0
6.3038,-8.2588,0
-0.80183,7.8657,0
-6.3002,0.76915,0
-2.2117,7.4062,0
2.0378,-10.495,0
7.0158,5.4067,0
2.9981,-2.1904,0
-0.62541,7.8343,0
-5.5775,-1.6441,0
-3.823,6.2571,0
-4.8409,-10.218,0
-0.46286,-11.029,0
-6.3265,1.6904,0
2.183,1.448,0
0.72561,-10.881,0
7.2127,-7.3732,0
-1.741,-4.7239,0
-4.3119,5.6934,0
-5.7311,-1.5259,0
-3.1111,-10.662,0
3.2869,7.7434,0
4.9319,-9.3039,0
-3.9337,-3.6374,0
3.0933,-10.071,0
-1.0437,-10.858,0
5.2404,-8.9965,0
-1.3287,-10.974,0
2.2486,-3.6347,0
0.12631,-10.889,0
1.3717,1.9828,0
8.5189,-5.3901,0
7.4953,-6.8914,0
-2.5307,-10.814,0
-2.368,-10.751,0
8.5133,-5.3134,0
-3.4138,-3.9151,0
3.7008,-9.8478,0
7.6132,-6.8304,0
7.5427,4.9232,0
0.14753,7.8758,0
-3.5233,-4.0115,0
1.0704,-4.3309,0
4.3461,-9.6839,0
7.0541,-7.4518,0
1.0165,1.9601,0
8.7803,-4.6201,0
4.607,-9.3873,0
1.979,-10.505,0
2.711,0.92077,0
4.2014,-9.5917,0
1.94,-10.456,0
-4.2959,-3.245,0
3.6897,7.5986,0
1.4785,-10.594,0
0.12926,-10.963,0
3.2985,-1.8391,0
-2.9913,-4.1726,0
1.2127,-10.776,0
2.0846,1.4707,0
9.3841,0.508,0
3.1471,0.22976,0
3.2217,7.6826,0
6.4056,6.154,0
9.5473,-1.7935,0
-5.7922,-1.4585,0
-3.3958,-4.0302,0
-5.6248,3.6799,0
7.3626,4.9612,0
3.1818,-1.7928,0
8.8242,-4.5603,0
-6.0939,-0.24361,0
0.44936,-4.5361,0
2.8244,7.8469,0
9.0239,-4.1115,0
3.6269,-9.8928,0
9.4977,-1.8463,0
-3.2941,-4.1484,0
-2.1345,-10.913,0
6.6777,-7.8241,0
3.9773,-9.6874,0
2.5118,7.8535,0
1.3304,7.9462,0
7.8867,4.3459,0
0.95339,-10.752,0
-0.052639,-4.5856,0
1.6772,8.0741,0
1.3415,-4.2269,0
4.5061,-9.4661,0
-1.0506,-4.6423,0
-0.3061,-4.6046,0
3.6439,7.5818,0
-6.0112,2.906,0
-0.052859,-4.7316,0
-0.85628,-10.903,0
-0.58738,-10.955,0
-5.6609,-1.3994,0
-2.4705,7.1793,0
-1.3178,-4.6952,0
1.087,-10.816,0
-1.0985,7.7316,0
-0.039253,-4.7263,0
-3.067,6.7215,0
-4.5585,-10.254,0
-3.7827,-10.569,0
2.4002,-10.357,0
3.4729,-1.0804,0
9.4855,-0.073866,0
-2.6791,-10.829,0
-4.8535,-2.7983,0
7.5841,-6.7088,0
-3.2015,-10.701,0
2.5447,-10.389,0
-1.6812,-4.5533,0
7.5935,-6.7354,0
4.4384,-9.4576,0
3.0089,0.4823,0
5.6833,6.5957,0
3.7904,-9.7739,0
-1.7014,-4.5644,0
1.6175,8.0916,0
0.39846,-10.871,0
2.3602,-3.4467,0
9.1811,-3.5127,0
8.9888,2.5144,0
-5.8141,3.382,0
5.9832,6.3079,0
2.161,-10.572,0
9.3716,-2.7924,0
-6.1,2.4798,0
-4.9569,-2.5883,0
-2.9529,6.9663,0
-5.4543,-9.9021,0
7.3888,5.1977,0
0.40052,-10.783,0
2.8878,-10.293,0
-5.9851,-0.76957,0
0.35165,-10.823,0
1.7797,-10.644,0
-0.6016,7.7744,0
9.4555,0.59653,0
6.2142,-8.3006,0
-5.4049,-2.1945,0
-0.46235,-4.7498,0
-5.8396,3.5579,0
7.533,4.9481,0
9.5146,-1.7487,0
-4.1722,-10.402,0
8.9954,-3.8773,0
-0.14372,7.925,0
6.7664,5.7413,0
0.028063,-4.6639,0
5.918,-8.5688,0
4.9223,7.0542,0
-5.7191,3.7303,0
5.7508,6.4251,0
8.8433,-4.348,0
3.1148,-2.0038,0
0.21415,-10.881,0
1.1237,-4.346,0
-3.0732,6.7815,0
-5.1732,4.9161,0
-5.8181,3.3488,0
7.2303,-7.3836,0
8.9933,2.4868,0
8.8723,2.6264,0
-2.032,-4.5717,0
-5.1295,4.7462,0
-0.57359,-11.02,0
0.84927,-10.758,0
-6.0127,-0.6968,0
9.6287,-0.54214,0
-4.7258,-10.159,0
4.1221,7.3601,0
3.6979,7.634,0
-4.6768,-10.388,0
0.41235,1.7715,0
1.7015,-10.671,0
-4.9409,-10.163,0
1.4956,1.8835,0
-0.096236,-10.846,0
3.3561,-1.3161,0
3.45,7.7437,0
9.2218,-3.5962,0
2.6295,1.1846,0
4.1756,7.4258,0
6.7412,5.8113,0
3.1758,-2.0822,0
1.8374,7.9553,0
8.9985,2.5445,0
9.5476,-1.7146,0
1.5771,-10.623,0
9.5131,-1.1125,0
-3.1236,-10.746,0
3.0443,-2.4354,0
-1.1008,-4.715,0
2.7737,0.91651,0
8.6141,-4.8291,0
9.2734,-3.5091,0
-6.2463,1.4664,0
6.6784,-7.8245,0
1.0383,-10.759,0
-5.2451,4.3407,0
1.1365,-10.861,0
6.682,-8.0029,0
2.381,-3.1946,0
3.151,-1.9829,0
5.255,6.962,0
8.4447,3.7739,0
-5.3156,-2.236,0
4.4165,-9.5117,0
6.9241,-7.4928,0
-5.1304,-2.3628,0
8.3253,-5.442,0
-0.94082,-11.02,0
1.2166,8.1069,0
-6.3096,0.64763,0
7.7601,4.5916,0
7.5303,4.7587,0
1.7106,-4.0145,0
-6.0915,2.8208,0
-4.4485,5.6304,0
-5.9107,-1.0917,0
-3.1177,6.859,0
-4.1692,-3.4006,0
-3.6492,-10.651,0
8.5593,3.3301,0
1.3803,1.865,0
-5.8716,-0.88698,0
-5.7978,3.6391,0
3.1714,7.8435,0
-5.5645,4.0565,0
-6.3022,1.9162,0
6.8952,5.7027,0
1.3325,7.9123,0
2.394,-3.4401,0
-5.1888,-2.4897,0
0.46073,-10.771,0
7.3242,5.1353,0
5.668,-8.7358,0
9.5529,-1.7483,0
-6.2768,0.47357,0
1.8605,-3.8073,0
3.002,0.71306,0
3.399,-0.26351,0
9.535,-0.27981,0
9.4073,-2.7186,0
9.6231,0.026791,0
-0.15375,-10.836,0
3.3713,-1.5168,0
-0.30364,-4.7142,0
-3.8186,-3.8434,0
-0.15879,-4.7014,0
6.3969,-8.0167,0
5.0836,6.9321,0
1.5611,-10.585,0
-5.2217,-2.4509,0
-0.075988,-4.6744,0
1.3327,7.9507,0
-4.3579,5.7734,0
9.3766,0.88292,0
-2.8775,-4.3958,0
6.7857,5.7133,0
-1.6259,-4.6738,0
1.0255,1.8826,0
-3.4345,-4.0109,0
5.7617,-8.6576,0
3.3181,7.7392,0
8.7416,2.9197,0
1.6813,-3.8562,0
-5.4609,4.2562,0
7.8986,-6.4637,0
-3.4069,-10.663,0
9.6069,-1.1731,0
2.3313,1.487,0
6.2199,-8.3564,0
0.15351,-10.904,0
-5.919,-0.96375,0
-3.6312,-3.9294,0
-5.4938,-1.7995,0
-6.1921,0.34999,0
3.4048,7.7468,0
-1.3546,7.5487,0
-0.95479,7.6999,0
-3.4017,-3.9697,0
-4.2718,-10.4,0
2.8791,-10.197,0
1.4046,-4.0055,0
4.323,-9.7461,0
-5.8984,-1.2167,0
8.8145,-4.8219,0
-5.9786,-0.82495,0
8.4054,-5.6427,0
1.0749,7.9869,0
6.3671,-8.1509,0
-0.28619,7.841,0
0.90315,-4.3462,0
-2.3039,7.2675,0
-2.0032,7.3637,0
-4.3234,5.7989,0
1.2613,-4.2314,0
4.0172,7.4099,0
2.9179,7.7112,0
0.91471,-4.4496,0
-0.16462,-10.898,0
7.8085,4.5379,0
1.9354,-3.7699,0
2.8843,0.77332,0
3.7087,7.6176,0
6.376,-8.0408,0
9.354,-3.119,0
7.6952,-6.6334,0
-1.0293,-4.6924,0
5.4496,6.7829,0
9.5235,-0.87373,0
9.5027,-2.5496,0
-2.3684,-4.4,0
-0.77273,7.6794,0
-3.2542,-4.1574,0
6.243,-8.1541,0
7.4688,4.9764,0
3.7103,7.6183,0
9.1434,-3.6697,0
8.5071,3.4418,0
-5.8929,3.0003,0
7.8811,4.3886,0
-3.3637,-4.0707,0
-5.6047,-9.8117,0
6.9373,5.4825,0
-1.6408,7.5029,0
3.3907,7.5766,0
3.0516,0.41713,0
6.4107,-8.2116,0
-5.5465,-1.7382,0
-3.6527,6.5128,0
-4.2825,-10.496,0
1.302,-10.773,0
2.1778,-3.4752,0
0.71132,-10.868,0
-5.8199,3.568,0
-4.6148,-3.1988,0
3.6955,-9.9877,0
8.9618,2.5015,0
3.0077,0.78147,0
0.46116,-4.5343,0
-3.3177,6.5793,0
3.2325,0.32245,0
-0.65081,-10.926,0
0.13453,7.9811,0
2.7017,1.1237,0
7.0845,5.425,0
-6.2399,0.47502,0
-3.6897,-10.515,0
9.4859,-0.45656,0
-1.8957,7.4246,0
-5.1312,4.7224,0
0.16766,-4.6864,0
-2.031,7.4247,0
7.2182,-7.2385,0
-6.2728,1.6267,0
5.5363,-8.7797,0
4.9777,-9.2454,0
5.2031,6.9268,0
-1.4076,-10.851,0
-5.2468,-10.126,0
-3.671,-10.588,0
3.595,-9.8766,0
2.4451,-3.2127,0
9.4139,1.0787,0
-4.3714,-3.2499,0
9.4408,0.77621,0
1.0361,-4.3735,0
-4.6538,-3.0834,0
1.9872,-3.5571,0
9.4906,-0.96416,0
-3.926,6.1912,0
1.3125,8.0756,0
8.8445,-4.4064,0
4.5778,-9.5179,0
-1.9112,-10.965,0
2.9424,-10.251,0
-6.182,0.46098,0
-2.4648,-4.4047,0
-5.3483,-9.9223,0
9.1887,-3.2505,0
-5.0874,4.9119,0
1.7302,7.9311,0
8.6894,3.0233,0
-1.5435,7.4826,0
8.1759,4.1939,0
9.5167,-0.99682,0
9.5217,-1.7933,0
-0.33429,7.844,0
-4.8848,-2.8836,0
-1.3744,-10.965,0
4.5348,7.2919,0
-1.7285,7.4794,0
-4.4318,5.6357,0
7.4406,-6.9436,0
0.41212,-4.6272,0
7.9286,4.5554,0
-1.801,7.5064,0
1.4247,-10.752,0
8.1849,4.1625,0
-2.9576,-4.2085,0
-1.7125,7.4622,0
1.5832,-10.683,0
9.5343,-0.1408,0
-0.70505,-10.994,0
-1.0029,-10.936,0
2.6452,-10.238,0
9.5919,-1.8596,0
-6.3088,1.4037,0
-2.5926,-4.406,0
7.7418,4.7242,0
-5.5939,3.8864,0
5.824,6.4586,0
6.6081,5.8902,0
9.3123,1.0325,0
3.6612,-9.9734,0
-2.0823,-4.523,0
4.1742,-9.6299,0
3.8956,7.3919,0
8.4627,3.3815,0
-5.6886,3.5683,0
-1.57,-4.5971,0
-1.6986,7.4777,0
8.5827,-5.1425,0
9.4447,0.43208,0
-1.4136,7.6799,0
7.4689,-6.917,0
-2.1313,-10.908,0
6.7382,5.7149,0
-0.22388,-10.872,0
9.6092,-1.9924,0
-0.44388,-10.987,0
7.6627,4.7577,0
0.92248,-10.712,0
1.4888,1.7915,0
-0.20476,-4.7375,0
-3.9336,6.2665,0
-1.1219,-11.006,0
2.101,1.5345,0
1.127,-10.749,0
6.5915,-7.7473,0
8.4982,-5.1206,0
-6.1948,2.3564,0
-3.6489,6.3892,0
-4.5091,-3.2879,0
8.3788,3.6082,0
3.2545,-1.3421,0
6.3415,-8.1127,0
2.0881,-10.611,0
9.4268,0.42429,0
1.2519,-4.2155,0
7.8781,4.5385,0
-6.1155,0.07903,0
1.7871,-3.9013,0
-4.6202,-2.8932,0
6.2851,6.0748,0
3.0138,7.7446,0
1.1301,-10.667,0
5.4519,-8.9807,0
2.5377,7.9833,0
-5.2265,-10.135,0
5.3529,6.7796,0
9.6544,-0.80274,0
-0.031861,-4.6212,0
-3.0425,-10.833,0
-1.4908,7.4894,0
5.9117,6.4155,0
3.3732,-1.6166,0
-6.2602,1.5358,0
8.0053,4.325,0
4.8946,7.0753,0
1.3807,8.0263,0
1.4303,8.0323,0
-6.2114,0.86868,0
8.2088,-5.8734,0
-2.8691,6.9316,0
-1.1615,-4.6944,0
1.1568,8.0649,0
-6.2069,0.92157,0
7.3643,-7.1661,0
3.6632,7.5155,0
5.4448,-8.8488,0
2.3634,7.9945,0
8.5886,-5.3351,0
-2.76,-4.3307,0
-4.747,-2.9368,0
0.79722,-10.835,0
8.0197,4.4095,0
9.2309,1.4596,0
5.6138,-8.7301,0
-3.2206,-4.1065,0
8.323,3.9405,0
-1.0752,7.6687,0
-5.4521,-9.9726,0
-3.7918,-10.518,0
-1.5385,7.5059,0
6.2204,6.2115,0
6.2641,-8.2345,0
2.5863,7.8843,0
-6.1615,1.3331,0
-3.7706,6.2701,0
2.5226,1.2796,0
6.0915,6.1947,0
2.1148,-10.529,0
6.7595,-7.7273,0
4.2707,-9.6489,0
-2.2909,-10.843,0
-4.8732,-10.272,0
6.3409,-8.2256,0
0.92295,8.0092,0
-0.83285,-10.877,0
-1.3223,-4.7601,0
8.5046,3.5581,0
8.3593,-5.38,0
5.1086,6.9301,0
5.5356,-8.7534,0
9.6439,-0.72107,0
9.1869,1.78,0
9.4911,-1.5658,0
2.1852,-10.475,0
5.846,6.4758,0
-6.075,2.4072,0
-6.1845,1.2639,0
-6.1133,0.13167,0
8.26,3.9463,0
2.857,-10.241,0
-1.2505,7.6465,0
9.4103,1.2754,0
3.3893,-10.165,0
4.6399,-9.5363,0
-4.4556,5.6846,0
-1.4969,-10.822,0
-4.0942,-3.4437,0
-3.8087,-10.56,0
4.3455,-9.5979,0
2.4211,-3.3861,0
-1.3083,7.6293,0
6.8746,-7.696,0
5.904,6.5103,0
-3.3978,-10.709,0
-0.67324,-4.648,0
8.4488,-5.5227,0
-3.4699,6.5271,0
9.2693,-3.2418,0
-6.311,1.0095,0
-5.237,4.5229,0
3.2052,-10.239,0
9.5529,0.62286,0
0.23244,-4.6517,0
0.5212,8.0841,0
8.7932,-4.5351,0
5.5513,6.7075,0
0.49865,-4.4717,0
-3.2352,-4.2142,0
6.4877,-7.9002,0
-0.86036,-4.635,0
5.311,-8.9324,0
5.5953,-8.8638,0
7.9181,-6.479,0
5.8184,6.4719,0
3.6506,7.6019,0
-1.323,-4.6596,0
5.8211,-8.6856,0
-0.97807,-4.7808,0
-3.6785,-3.8481,0
4.2137,7.3466,0
6.9726,5.5752,0
2.4019,-3.3356,0
9.2037,1.361,0
9.5175,-2.2222,0
3.18,-2.1168,0
9.4741,-2.2671,0
3.0341,-2.5432,0
8.7007,-4.7454,0
0.15874,7.9568,0
-4.5465,-3.2058,0
2.4932,-3.2731,0
0.99648,8.0783,0
-0.78354,-4.7027,0
0.51436,-10.93,0
-5.5593,-1.866,0
-1.6041,-4.6703,0
2.1297,-10.571,0
-6.0932,2.4557,0
2.0863,-3.6201,0
-1.6877,7.5418,0
-5.4306,4.375,0
2.9484,-2.5531,0
-4.8221,5.1843,0
-6.049,2.8472,0
-4.2168,5.9556,0
-3.343,-10.762,0
4.0276,-9.7869,0
3.2444,-1.9629,0
8.3796,3.9078,0
-3.3508,6.5565,0
3.3057,-1.9411,0
2.4212,-10.426,0
0.72691,8.0883,0
1.7363,7.9037,0
2.6145,7.924,0
-2.7712,-10.807,0
-2.9909,6.7735,0
-2.0193,-4.6387,0
-0.030807,-11.003,0
3.511,-9.9517,0
-5.6658,3.7663,0
5.3655,6.7584,0
-6.1683,0.098771,0
-3.5439,6.4781,0
8.6694,3.0168,0
-5.6447,3.9381,0
6.3503,0.2129,1
-9.1067,-1.3969,1
-9.1386,2.846,1
2.5509,-6.9395,1
-9.1716,-0.82108,1
-4.5718,9.4616,1
-0.98915,-1.7824,1
6.0022,1.7225,1
5.3969,-4.372,1
0.063952,4.8265,1
-8.8012,-1.8885,1
6.0734,1.0886,1
1.6577,-7.3797,1
6.4766,-0.28767,1
-2.6604,2.9103,1
6.4426,-1.0214,1
4.2427,10.684,1
5.4748,-4.4506,1
6.4028,-0.64918,1
-8.011,5.9693,1
1.8358,-7.2569,1
-2.266,3.3135,1
-8.7285,4.4484,1
-7.0957,-4.9635,1
-5.02,9.1467,1
-2.5465,3.0789,1
6.0837,-3.1749,1
2.3669,-7.1843,1
-7.8756,6.276,1
-8.9552,3.7791,1
-6.3474,-5.7194,1
-8.5348,-2.8796,1
-8.6605,-2.262,1
-2.3618,3.4808,1
-7.7721,-4.0769,1
-9.3856,1.5804,1
-8.8796,4.0401,1
0.60478,11.213,1
-9.3305,2.4054,1
5.5326,-4.2724,1
-9.2311,2.8522,1
-3.0402,10.271,1
2.3525,11.114,1
1.7383,4.882,1
0.85132,11.173,1
-5.1385,-6.6294,1
6.4251,-1.4216,1
-2.1878,-7.758,1
-0.085816,-7.7208,1
4.4756,3.5997,1
-6.4757,7.8844,1
5.2901,-4.4895,1
-9.0151,-1.6331,1
6.1262,-2.6033,1
-2.6452,-0.87507,1
2.1813,10.999,1
-8.9686,3.8996,1
2.7239,4.6038,1
-0.63035,4.5245,1
-4.4395,-7.1168,1
5.8801,-3.7916,1
1.6337,11.212,1
-2.0972,3.7398,1
-1.4884,4.2962,1
-3.0751,0.043775,1
2.8478,4.5901,1
-7.2259,-4.7079,1
-1.2868,4.2274,1
3.6737,-6.3113,1
5.023,10.363,1
0.44994,-7.7087,1
-7.1944,7.3606,1
3.6799,-6.3326,1
0.18924,4.8286,1
-6.4225,8.1957,1
-9.3522,1.9724,1
6.5137,-0.57452,1
1.2721,11.129,1
-4.999,9.3419,1
-8.0187,5.9272,1
5.8601,1.6937,1
0.80806,11.084,1
5.9744,1.3142,1
1.2396,-7.4987,1
-8.0576,-3.4202,1
3.8319,4.2186,1
-8.2153,5.7369,1
-6.4961,8.0638,1
5.0145,-5.0566,1
-5.0444,-6.6418,1
-9.281,-0.28153,1
-6.3059,8.1315,1
1.1308,-7.6091,1
-6.2092,-5.8617,1
-4.5845,9.406,1
5.0293,10.368,1
-3.2328,-7.4772,1
4.7086,-5.1811,1
-2.2392,-1.013,1
-2.1292,3.6621,1
2.3322,4.8564,1
2.646,4.6651,1
-2.4182,10.588,1
-0.14806,11.08,1
-8.8435,4.1285,1
6.1131,-2.8066,1
-5.6194,8.8593,1
6.2959,-2.4179,1
3.2623,10.845,1
-4.6291,9.4846,1
-8.1275,-3.5215,1
6.3897,0.58377,1
-5.4674,8.8225,1
-2.522,-0.98666,1
-6.7285,-5.3945,1
-7.3221,-4.5528,1
1.4268,4.7966,1
5.8208,9.9958,1
6.1595,0.83534,1
6.53,-0.57114,1
-9.2466,2.0513,1
5.2985,2.8851,1
-4.1708,-6.9891,1
-8.3557,5.2888,1
-0.77768,4.4728,1
-5.672,8.7957,1
4.7302,-5.2177,1
-2.7582,2.8231,1
-9.2847,1.7792,1
2.3127,-7.0628,1
-3.2137,1.7157,1
3.5191,-6.5092,1
-1.8904,10.698,1
-4.6605,9.4814,1
3.7113,-6.2315,1
2.2369,11.075,1
-1.8443,3.771,1
-5.2979,-6.483,1
-4.5951,9.6406,1
5.2758,10.335,1
-3.2256,10.206,1
-7.1172,-4.9445,1
5.5241,-4.3362,1
-1.7329,3.9441,1
3.9973,3.9199,1
-9.2285,-0.5833,1
2.4514,-6.9672,1
2.9664,-6.7082,1
-3.9152,9.9384,1
1.6711,-7.4403,1
3.3268,4.4017,1
-8.9544,-1.3541,1
-8.9988,3.7841,1
-2.1718,-7.6743,1
-9.0884,3.0517,1
4.1583,3.9567,1
-4.6355,-6.9116,1
1.5003,4.8475,1
-4.6352,-6.8913,1
1.3011,11.201,1
-6.3488,8.2802,1
-7.0965,-5.1172,1
-8.9013,-1.9353,1
-2.3429,-7.6381,1
4.4542,-5.762,1
2.5513,-7.0555,1
5.0971,10.429,1
-9.1047,-0.95373,1
-2.5313,10.511,1
-9.1044,2.8227,1
5.5039,10.247,1
1.3922,11.23,1
-7.0212,7.2598,1
5.6141,10.125,1
1.552,-7.3584,1
-0.53035,-7.8679,1
-9.2702,-0.79508,1
-0.58196,11.02,1
-2.1703,-7.6988,1
-2.4756,10.514,1
1.9442,4.7856,1
1.8664,-7.2425,1
-8.679,-2.2433,1
1.6271,-7.4633,1
4.2107,3.6679,1
6.4375,-0.38167,1
-1.8797,-1.3341,1
-1.1842,-1.7614,1
0.7979,4.8835,1
-8.977,3.7478,1
-0.18539,11.069,1
3.586,10.934,1
6.2143,1.0192,1
-2.9288,2.3946,1
-9.3419,1.7889,1
5.8855,1.5388,1
2.7195,-6.933,1
-9.2716,-0.048311,1
5.2927,2.7461,1
-8.3499,5.2823,1
-9.3927,1.6712,1
1.2246,-7.5457,1
0.050788,-7.8484,1
-9.151,-0.52492,1
6.2497,0.83638,1
2.685,10.959,1
-2.1553,-7.7106,1
-0.13219,11.028,1
-5.5448,8.775,1
-7.198,7.108,1
2.8909,-6.8637,1
-7.9095,-4.0589,1
-0.80548,11.045,1
6.456,-0.079948,1
-2.3029,3.5088,1
-9.3108,2.1499,1
-0.63892,4.5387,1
2.6812,11.029,1
4.8095,10.469,1
3.1456,-6.6279,1
3.8201,10.842,1
-9.3921,-0.063484,1
-9.1357,3.3312,1
6.032,1.3628,1
3.0998,-6.7458,1
4.8903,10.441,1
4.7895,3.2689,1
-2.2218,3.414,1
-6.4642,-5.5452,1
-2.8923,2.5617,1
-1.6912,4.0538,1
3.0046,4.4926,1
4.3004,3.7859,1
4.0056,4.0183,1
4.2218,10.677,1
-2.2578,-7.767,1
3.7222,10.805,1
-6.416,-5.5614,1
-3.9262,-7.163,1
-9.3429,1.8003,1
1.1733,-7.6367,1
6.0666,1.1687,1
-1.4116,10.791,1
2.5632,-7.0224,1
1.8579,11.086,1
-6.6121,7.8987,1
0.70972,-7.6505,1
2.3378,4.6688,1
-2.8091,10.42,1
4.484,10.656,1
2.9816,-6.7754,1
-9.0553,3.3778,1
0.74958,-7.6836,1
4.4008,10.631,1
-1.574,-7.7226,1
-8.268,5.6648,1
5.4948,2.5028,1
5.1394,-4.7857,1
-8.6602,4.8424,1
-8.6175,4.6642,1
1.5552,11.068,1
-9.407,1.6988,1
-1.0807,10.862,1
1.4136,-7.3679,1
-1.362,10.846,1
-9.2953,2.8859,1
5.0933,2.9921,1
-0.98697,-7.8366,1
1.5422,11.056,1
-7.7912,6.4778,1
-9.4161,1.73,1
5.9968,1.3329,1
-2.4075,-7.6115,1
-6.8752,-5.2011,1
3.1034,4.4441,1
5.8507,1.6585,1
0.46911,4.8528,1
-0.97551,-7.8138,1
-2.8168,10.394,1
-1.1647,4.4079,1
3.4659,-6.4218,1
-8.866,-1.7466,1
-8.2244,-3.4631,1
6.2943,-1.9804,1
6.3614,-2.5432,1
1.1325,-7.5538,1
-8.6478,-2.2468,1
-2.165,10.575,1
4.2509,-5.9133,1
-9.4733,1.0838,1
-4.7359,-6.8308,1
2.7853,10.998,1
-9.0883,-0.86716,1
6.4215,-0.79892,1
-3.4787,-7.331,1
-9.3621,2.0884,1
-1.649,3.943,1
1.6734,-7.4305,1
6.1819,-2.763,1
4.519,10.654,1
-8.8653,3.8978,1
-1.0657,4.355,1
0.26928,11.019,1
0.22161,-7.8237,1
4.651,3.3185,1
6.4209,-1.3758,1
-9.303,1.8465,1
-7.6915,6.6005,1
2.1424,-7.2486,1
3.6416,10.917,1
-4.2669,9.7515,1
-2.7996,-0.67355,1
-2.8105,-0.41946,1
-2.2212,3.5504,1
2.0973,11.02,1
-9.4339,0.48221,1
-2.8357,10.511,1
-9.351,1.9118,1
0.37004,11.166,1
-8.5945,4.9494,1
-6.4476,8.0454,1
-6.7861,-5.4765,1
-7.5929,-4.263,1
-9.2636,-0.33056,1
-7.4418,6.8786,1
-5.4828,-6.4327,1
-9.1372,-0.92423,1
2.0847,11.151,1
-6.7794,7.7025,1
4.7458,-5.197,1
6.1381,0.9184,1
-3.1641,0.36284,1
-7.5847,6.7156,1
3.6229,10.799,1
-9.1086,-1.187,1
-7.053,7.4188,1
-9.1303,-0.72102,1
1.8669,4.8322,1
-4.2668,9.5809,1
-7.5411,6.665,1
3.9202,4.0864,1
5.2632,10.265,1
-7.7623,-4.2088,1
-1.8951,10.669,1
-8.825,-2.2737,1
3.4618,10.933,1
6.3733,-0.44791,1
-6.1023,-6.0066,1
3.454,4.4012,1
1.0182,11.159,1
-5.4167,8.9853,1
1.3577,11.166,1
-5.1748,-6.721,1
1.7242,11.089,1
6.1428,0.92026,1
6.1259,-3.0599,1
-0.79343,-7.8772,1
1.4814,4.8733,1
-4.3547,9.5729,1
-9.2553,3.2141,1
3.4824,10.809,1
-6.4701,8.1043,1
3.4272,10.95,1
2.5679,10.945,1
2.8736,-6.9092,1
-8.8149,4.2378,1
-2.1293,-1.2445,1
6.3929,0.097741,1
-2.4893,3.3232,1
6.2117,0.93384,1
1.4766,4.9772,1
-1.8968,-1.3386,1
2.6898,11.116,1
-7.3677,-4.8064,1
-2.8705,2.4993,1
-3.0834,10.378,1
-8.5677,4.9186,1
-8.776,-2.2338,1
-8.9531,-1.7203,1
4.8435,-5.157,1
3.0595,10.991,1
-3.1594,10.341,1
1.4262,11.18,1
-4.4304,-6.9694,1
6.041,1.3861,1
-9.2156,2.1857,1
-5.543,-6.3518,1
1.5541,11.153,1
-2.5468,3.0561,1
-9.0921,-1.4442,1
-9.1668,2.7372,1
5.0091,3.157,1
6.0332,1.2453,1
-7.0825,7.2894,1
3.4559,-6.4285,1
-7.7646,-4.1434,1
-2.0966,-7.8352,1
4.2983,-5.8139,1
3.4265,10.949,1
-9.1765,2.7678,1
5.5714,-4.379,1
3.5323,10.933,1
-5.9732,-6.146,1
3.8268,4.1765,1
5.366,10.198,1
2.2337,11.056,1
4.9783,-4.9994,1
4.8209,-5.2481,1
-2.8556,2.3123,1
-8.1985,5.8487,1
-8.922,-1.9001,1
-5.1101,9.1675,1
4.7519,3.4161,1
-0.46894,11.078,1
-8.8491,4.2543,1
2.0079,4.9304,1
-9.3811,0.36247,1
-4.9576,9.2145,1
6.357,-2.2004,1
2.9865,11.059,1
-8.8058,4.2036,1
-4.1857,-7.2158,1
5.7412,-3.9351,1
-7.0643,7.3791,1
-1.0932,10.882,1
-4.9197,9.2299,1
-4.0535,-7.224,1
-0.12377,-1.4852,1
-9.2509,-0.28636,1
-2.7544,2.7265,1
-9.1784,2.6963,1
-1.0769,10.877,1
3.7682,4.0032,1
6.5035,-1.5625,1
-8.694,4.9466,1
3.926,-6.0962,1
-9.1076,-0.65992,1
-2.2052,-1.051,1
6.2755,-2.0313,1
3.3493,-6.5078,1
-2.8747,-7.6329,1
2.9028,-6.8235,1
-2.9974,2.1493,1
5.3709,10.359,1
-2.8365,-0.20745,1
6.4546,0.25929,1
3.1687,-6.751,1
1.2096,-7.5963,1
-7.1312,-4.9438,1
-6.0383,8.462,1
6.3101,-2.4331,1
-9.2921,-0.49342,1
-8.1701,5.6189,1
-5.908,8.6291,1
4.8379,-5.2698,1
-0.32552,-7.839,1
-7.0622,7.5217,1
-2.862,10.284,1
5.7264,-3.9842,1
3.1688,-6.5529,1
-6.9828,7.453,1
-8.9495,-1.5666,1
3.0473,10.922,1
-5.2437,-6.6083,1
-0.97362,4.3797,1
5.1825,10.299,1
-1.476,-7.7472,1
-6.5627,7.8719,1
-9.3447,2.0429,1
4.6878,3.5023,1
1.6954,4.9532,1
5.8504,-3.5694,1
6.434,-0.61106,1
5.5183,2.5125,1
5.5276,-4.03,1
5.9696,1.3548,1
-0.082865,-7.707,1
-3.2139,1.8186,1
-9.3977,0.92103,1
-3.4392,-7.3589,1
-0.73887,-7.7764,1
-8.0331,5.997,1
0.0014212,10.99,1
6.3512,-0.40379,1
2.4155,11.092,1
5.9688,-3.6524,1
3.2979,4.267,1
-8.5749,-2.77,1
2.1221,-7.212,1
-7.238,7.3235,1
-3.284,10.176,1
-3.101,0.87114,1
-8.8169,4.6251,1
-3.3671,-7.4898,1
5.0174,-5.0307,1
-6.6032,-5.5101,1
6.3939,-0.21168,1
-9.2814,1.6231,1
4.327,-5.747,1
-1.5567,4.009,1
-8.0755,-3.6213,1
-3.4252,-7.3786,1
1.5268,-7.5075,1
-1.0905,-7.8402,1
4.5274,3.4687,1
-0.41673,-7.8368,1
-7.2598,-4.7537,1
-0.1706,-7.8767,1
-3.0535,10.265,1
1.3684,11.097,1
-2.5446,3.2305,1
6.169,-2.9609,1
-7.8946,-3.7854,1
5.1194,-4.775,1
-2.4089,-7.6045,1
-0.15273,4.7637,1
6.4963,-0.12887,1
-0.6045,-7.8455,1
-0.5394,4.6173,1
0.26376,-7.7822,1
-0.78854,4.4485,1
1.8028,4.8557,1
-0.26267,-7.7969,1
5.9574,1.5475,1
1.267,11.073,1
-6.8711,-5.0885,1
4.8815,-5.1188,1
-8.1768,-3.4929,1
6.1877,-2.8052,1
3.5817,10.912,1
-1.9915,-7.7176,1
-7.6706,6.4197,1
-3.4058,-7.4096,1
-0.47382,10.922,1
6.09,-3.0152,1
-6.8845,7.6755,1
1.6756,11.16,1
-3.7043,-7.3094,1
-5.0136,-6.6692,1
2.2186,4.7643,1
3.7269,10.745,1
-9.2084,-0.92429,1
2.6023,11.012,1
-9.3947,1.6766,1
-9.4222,1.8639,1
-3.6999,-7.3493,1
-7.1753,7.2645,1
5.7259,-3.747,1
-7.1631,-4.8903,1
-5.6679,-6.2657,1
4.0253,4.0938,1
-3.4951,10.077,1
-3.0618,1.9126,1
4.053,4.0301,1
-1.6322,4.1285,1
5.7262,1.8823,1
-5.2704,-6.675,1
5.1884,2.9527,1
5.9075,1.5235,1
5.695,2.2634,1
-1.8386,-7.8428,1
0.81656,11.075,1
6.0657,-3.0621,1
-1.889,10.716,1
6.4038,0.29497,1
2.3913,-7.1652,1
0.25711,4.7999,1
-6.9125,-5.2575,1
-8.2418,5.6415,1
-8.9324,-1.9101,1
4.8455,3.3127,1
5.3939,-4.4061,1
-5.1132,9.0841,1
-7.6901,-4.1485,1
6.137,0.99618,1
-7.529,6.7102,1
-5.1755,-6.5068,1
3.2894,10.961,1
5.875,-3.7774,1
-3.4715,-7.3512,1
-7.2223,-4.884,1
5.1922,-4.8358,1
-8.6771,-2.4927,1
-6.9184,7.4034,1
1.512,11.11,1
-7.9995,6.1958,1
2.9841,4.4914,1
5.9149,1.6563,1
-8.7007,4.6366,1
-9.1927,-0.15965,1
-5.3166,-6.5589,1
0.67979,11.111,1
6.354,-2.2881,1
-8.7747,-2.3685,1
-6.7748,7.8055,1
1.3275,-7.417,1
0.34582,-7.7789,1
-9.1337,3.0562,1
-7.9858,-3.7514,1
-2.4646,3.1684,1
-0.383,-7.8125,1
-8.6982,4.9412,1
-9.2725,1.9833,1
-8.6638,-2.5771,1
-3.1986,10.246,1
0.67198,4.9105,1
3.5526,-6.4511,1
-2.6571,2.8948,1
-9.454,0.47155,1
6.0075,-3.0781,1
-2.9794,0.03617,1
-7.0999,7.3136,1
-7.2244,7.1998,1
2.4191,11.001,1
5.749,2.1785,1
-4.7068,9.3099,1
-9.2619,0.32885,1
-9.317,2.7302,1
-1.1096,-7.7249,1
-5.2607,-6.5045,1
3.6731,10.807,1
6.4157,-2.0602,1
-8.3419,-2.9856,1
-8.6789,4.4918,1
6.2436,0.61368,1
-8.7017,-2.4398,1
5.1575,-4.674,1
-8.9146,4.2047,1
0.21151,4.8464,1
-9.3096,2.025,1
4.5899,3.482,1
-1.1718,-7.7612,1
1.3606,4.9419,1
3.7912,-6.2638,1
5.5047,2.2789,1
-9.2808,0.52832,1
-7.722,6.4192,1
3.3034,4.3771,1
-9.1829,-0.28272,1
-3.5711,-7.4678,1
3.3737,4.247,1
2.2534,-7.0837,1
-5.7341,-6.2177,1
6.2718,0.77077,1
0.17742,4.9093,1
-8.918,4.2588,1
5.606,-4.1275,1
-9.3646,1.5422,1
5.94,-3.5527,1
-5.1097,9.2474,1
1.3804,-7.4601,1
-2.4072,10.581,1
4.3352,10.559,1
-6.1365,-6.0107,1
-8.157,5.8974,1
6.0981,1.295,1
-3.0382,0.3984,1
-9.1981,-0.43657,1
-9.4734,1.2515,1
-8.5478,-2.8672,1
-9.3316,1.7902,1
2.0355,-7.2359,1
0.78253,4.8538,1
-0.21313,11.04,1
-8.9046,4.099,1
5.395,2.6896,1
2.8385,-6.7664,1
-6.9602,7.5461,1
-6.5688,7.9625,1
-1.1362,-7.7987,1
-0.80105,-7.7566,1
-4.2167,-7.1432,1
-9.3899,0.89907,1
-9.4318,0.3227,1
4.5205,10.525,1
6.418,-0.68523,1
-8.3041,-3.0187,1
5.4501,2.4746,1
-2.4502,-0.83524,1
-2.9616,0.075928,1
4.7932,-5.2523,1
-0.2815,11.049,1
-2.6861,-0.5858,1
-0.53932,-7.7682,1
6.2845,-2.0004,1
-9.3292,1.4199,1
-3.1067,-0.0073811,1
4.2968,3.6452,1
-9.4089,0.55213,1
6.1298,-2.965,1
-2.3007,3.4786,1
-9.3421,-0.51938,1
-2.4477,-7.5697,1
4.3026,3.6468,1
0.22728,4.9252,1
-7.1422,-4.8915,1
-5.3595,-6.3994,1
-6.8411,7.7552,1
-2.9962,2.3759,1
-8.154,5.8526,1
-9.3499,0.76747,1
4.3192,3.6441,1
0.20606,-7.7136,1
3.8673,-6.2053,1
-6.1802,8.4208,1
-4.2026,-7.1951,1
-8.6623,4.7983,1
-9.3561,0.80433,1
-3.5294,10.085,1
-2.1125,3.6128,1
6.4958,-1.1347,1
-8.8688,-1.9217,1
-2.1838,10.669,1
-8.8734,-2.0289,1
-8.9311,-1.6639,1
2.6275,4.5928,1
-5.4615,-6.3984,1
0.054734,11.135,1
-8.7657,-1.9765,1
1.5841,4.9561,1
0.17541,4.7622,1
-2.4826,3.1264,1
-8.849,4.1828,1
2.335,11.09,1
5.6252,-4.226,1
4.2333,3.8552,1
-8.0326,-3.7316,1
3.0591,-6.8129,1
-9.4504,0.88456,1
-0.74119,-7.7179,1
5.0364,-4.9652,1
-9.05,-0.98494,1
-2.6056,-7.5217,1
6.135,0.83773,1
3.1873,-6.6348,1
-8.7173,-2.3637,1
-6.2779,-5.7498,1
-9.0493,3.2788,1
-1.2013,10.844,1
5.2902,10.266,1
-0.36798,10.967,1
-9.3004,-0.27963,1
-4.0925,9.9099,1
5.686,2.0427,1
-7.5443,-4.4147,1
-4.8499,-6.8394,1
1.445,4.9149,1
-5.4651,-6.4014,1
-0.55757,-7.7266,1
-1.0464,-7.9107,1
-8.8113,-2.3783,1
0.88064,4.9875,1
2.9931,-6.7739,1
-5.1858,-6.6241,1
-2.7291,-0.33294,1
6.384,-1.0377,1
5.8184,-3.7135,1
-5.2814,9.0241,1
-3.2979,-7.448,1
6.1326,1.3339,1
-7.2118,7.2261,1
-7.4455,6.8862,1
-6.5712,-5.5975,1
-7.1198,7.3417,1
-6.7366,7.6699,1
-7.1906,7.2731,1
2.5306,11.127,1
-6.2901,8.1928,1
-9.4475,0.84186,1
-7.6821,6.7818,1
-3.0953,0.78945,1
-6.2593,8.2749,1
-8.3327,-3.0928,1
2.9634,-6.7035,1
5.2482,-4.697,1
-6.3083,8.2826,1
-8.2328,5.6322,1
-5.2431,9.0663,1
-4.0405,9.8604,1
6.4964,-1.3401,1
0.18777,-7.7727,1
-4.7895,9.4046,1
-8.2377,5.395,1
-8.4139,5.4153,1
4.103,-5.9208,1
4.6695,-5.2997,1
-5.2299,-6.5717,1
-3.7687,9.9417,1
-6.7161,-5.4626,1
-6.4086,8.12,1
-4.2268,9.7477,1
2.8107,-6.8828,1
6.3904,-0.054453,1
5.6087,-3.8626,1
-8.4401,5.3151,1
-9.3315,1.376,1
-1.2831,4.3375,1
-0.6252,4.6695,1
2.853,4.549,1
-1.1086,10.868,1
2.6098,11.128,1
4.7687,-5.3594,1
-3.0814,10.243,1
-7.6912,6.4578,1
5.9601,1.7231,1
3.7803,10.749,1
-9.0376,-1.0612,1
-0.92791,-7.7909,1
-9.308,-0.037103,1
-7.163,-4.8778,1
-9.3936,0.88871,1
2.2619,11.059,1
-3.1998,0.94251,1
-2.4311,10.635,1
-2.5529,10.569,1
-8.4098,5.5221,1
-0.074,11.14,1
-2.401,3.2849,1
-2.1931,3.5318,1
-9.3811,2.0751,1
1.9874,4.7707,1
-1.2481,-7.8408,1
-8.0716,-3.6068,1
5.9809,-3.5021,1
-8.5405,-2.6903,1
-9.3476,0.40944,1
-8.8587,-2.184,1
1.1725,-7.5603,1
3.2424,-6.5921,1
-7.6839,-4.1009,1
-0.9123,4.3671,1
-9.2313,2.914,1
-4.1473,9.7134,1
0.88315,-7.5065,1
-4.5258,9.5978,1
-5.8358,-6.1596,1
-1.4773,-1.5109,1
5.992,-3.0004,1
2.1924,-7.1696,1
-2.0533,-1.374,1
-8.0452,-3.5785,1
-8.0386,-3.7099,1
6.1526,0.96496,1
-7.2834,-4.7158,1
-2.5798,-0.66645,1
2.8664,-6.8649,1
-8.8224,4.4027,1
-8.2431,-3.4578,1
-0.42559,4.5814,1
-1.0004,-7.8234,1
-2.8893,-0.38025,1
6.2832,0.20973,1
3.7684,-6.1317,1
6.0146,-3.269,1
3.2285,4.309,1
1.4462,11.157,1
-6.2898,-5.7611,1
-9.3517,0.43028,1
-8.7819,-2.1052,1
5.8965,-3.3873,1
0.042831,4.8835,1
-2.8249,-7.6215,1
6.4257,-0.72767,1
6.4713,-0.66788,1
-0.003558,11.157,1
1.322,4.9875,1
-3.5415,10.075,1
-4.8885,9.3659,1
-5.5056,-6.3906,1
-8.6706,-2.7593,1
-1.7696,10.805,1
-5.2938,9.0343,1
-9.3295,1.1101,1
-5.8128,-6.2081,1
-9.1877,-1.0131,1
5.4173,-4.4704,1
6.3871,-1.6923,1
-2.3215,-7.6099,1
5.7911,9.9894,1
-1.1895,10.981,1
-6.084,-6.0217,1
-7.6697,-4.1977,1
0.99647,-7.4961,1
-1.3669,-7.7351,1
-5.2002,9.1505,1
4.4414,-5.5385,1
6.4473,-1.1869,1
0.17341,11.152,1
-4.7279,-6.9435,1
-6.6862,7.7662,1
4.1529,-5.936,1
-2.3818,3.366,1
0.13759,11.173,1
-0.52749,-7.8954,1
-1.9835,-7.7498,1
-3.6608,10.048,1
-8.4695,5.1867,1
-0.70771,4.5188,1
-9.3301,0.48321,1
-7.6661,-4.1684,1
-9.402,0.15251,1
4.1577,-5.975,1
5.8652,-3.7046,1
5.4193,2.5053,1
-4.8674,9.2776,1
-8.5859,5.0575,1
1.4695,11.188,1
-9.3493,2.4162,1
-1.2478,10.854,1
-4.9559,-6.7477,1
3.0775,10.907,1
0.90269,11.109,1
-0.69039,10.926,1
2.2402,10.994,1
-6.1619,-5.9371,1
5.0889,10.44,1
4.0057,3.9252,1
5.6832,2.214,1
-2.7856,-0.47046,1
-8.6074,4.6693,1
-1.4762,-7.814,1
-3.995,9.8718,1
-8.6411,4.7656,1
0.54386,4.8681,1
-5.6636,8.7959,1
-7.0183,7.5738,1
-7.437,6.9558,1
-4.1153,-7.2299,1
-9.3609,0.66751,1
-0.61107,11.005,1
0.88334,11.223,1
-9.0777,-1.0226,1
0.36929,-7.7976,1
1.6863,4.935,1
-8.9867,3.7129,1
0.037914,-7.8125,1
1.8347,-7.2646,1
4.5396,-5.4907,1
-6.8459,-5.2685,1
2.0031,-7.3066,1
6.2687,-2.6522,1
0.66958,4.8742,1
3.8878,-6.1823,1
4.1465,-5.9414,1
-0.13129,-7.8151,1
-4.715,-6.8933,1
-1.9337,3.6424,1
3.2385,4.3484,1
1.5854,-7.5015,1
-3.0933,1.308,1
-7.9235,6.2823,1
-6.1749,-5.8578,1
5.5756,10.101,1
-2.8332,-0.42107,1
5.5064,2.4771,1
-8.9473,3.7068,1
6.1899,-2.7134,1
-2.9292,-7.6461,1
-2.3848,-0.98959,1
-2.6126,10.455,1
6.1413,-2.8828,1
-8.9964,-1.2417,1
4.0453,3.9022,1
3.7418,4.195,1
-5.9925,-5.9921,1
4.3426,10.663,1
-0.84943,-7.7344,1
-3.2011,1.3215,1
-0.734,10.995,1
6.4137,0.28971,1
-1.5886,-7.712,1
-5.0008,9.2059,1
0.64142,-7.6131,1
-3.0019,-0.29039,1
-8.2664,5.5251,1
-0.16082,-7.6953,1
6.3646,-1.3565,1
-9.0094,-1.6405,1
6.1335,1.0991,1
3.3692,-6.6255,1
-8.8914,-1.9458,1
-3.4457,-7.3846,1
1.352,-7.4393,1
5.4404,2.64,1
-8.8413,-2.2557,1
-9.3334,-0.13181,1
1.2194,-7.4739,1
-0.63969,4.6445,1
1.8233,4.919,1
0.91222,-7.5801,1
-3.3574,-7.3849,1
-9.2437,2.9271,1
6.1856,-2.9532,1
1.8628,4.8956,1
-2.0618,3.7381,1
2.0462,-7.1724,1
-6.657,7.7826,1
3.8469,10.72,1
-3.1585,1.9154,1
-6.9332,-5.1813,1
-6.3844,-5.7549,1
-8.8183,-2.0431,1
4.6537,10.653,1
-5.1622,9.0672,1
3.9572,-6.2064,1
-7.4758,-4.5787,1
-2.0538,-1.3223,1
5.3411,2.5494,1
1.9387,4.8832,1
-1.4188,10.838,1
-1.7318,-7.786,1
0.98468,11.212,1
5.5793,2.4091,1
-8.413,5.2623,1
-7.0063,7.5796,1
0.49812,11.117,1
-8.6426,4.9155,1
-0.5352,-7.7729,1
-4.2152,-7.2248,1
-2.9136,2.3097,1
3.6733,-6.1533,1
-8.7165,-2.3669,1
6.3227,-2.2348,1
0.75573,11.181,1
6.3617,-0.59252,1
0.51147,11.024,1
3.9703,4.0744,1
6.3672,-2.1141,1
-2.9909,2.1934,1
-4.5646,-6.9377,1
5.5609,-4.1602,1
6.4975,-0.31679,1
-7.8274,6.2174,1
6.2611,0.64636,1
3.0536,4.5283,1
1.7927,-7.2982,1
4.7376,-5.4758,1
-8.8981,4.0037,1
-8.4697,-2.6543,1
-2.1845,10.617,1
5.4021,2.4822,1
-8.3243,5.4801,1
-2.244,-7.7153,1
-9.3737,1.7252,1
-6.6933,7.7195,1
5.5254,-4.1457,1
3.3105,4.4469,1
-8.3193,5.5545,1
-1.7391,-1.4096,1
-0.093708,-7.8099,1
5.0205,-5.081,1
4.0222,-6.0485,1
-8.1797,-3.6089,1
-8.3533,-2.9698,1
0.70085,-7.6018,1
-2.5978,10.569,1
-9.1843,2.7595,1
-6.1301,-5.8816,1
-8.5075,-2.6888,1
-8.6061,4.7039,1
-1.6403,10.77,1
-9.282,2.5935,1
2.3851,11.017,1
5.2626,10.284,1
-7.8819,-3.9218,1
-0.55576,-1.625,1
-7.2296,-4.9582,1
2.0467,11.049,1
-5.7784,-6.1654,1
-9.0336,-1.6136,1
2.9793,4.472,1
-1.7962,10.762,1
-9.1718,2.6999,1
-8.2531,5.4872,1
-8.6353,4.5383,1
6.0726,1.3154,1
1.0307,4.9106,1
-5.2728,-6.4159,1
-7.2388,-4.8541,1
3.7498,10.772,1
-9.2566,2.6012,1
-5.4797,-6.299,1
6.4221,-0.11453,1
0.34127,-7.6376,1
-2.1906,10.729,1
-5.7153,8.6607,1
5.2199,2.829,1
5.0515,10.327,1
2.7775,11.083,1
2.4094,4.8292,1
3.5017,-6.4774,1
5.4736,2.4199,1
-6.4116,8.0573,1
-1.3628,10.842,1
6.0398,1.1437,1
-0.83915,-7.8153,1
6.2732,-2.6489,1
-0.21675,11.15,1
4.8213,3.0957,1
-5.1135,9.1214,1
1.4268,11.225,1
2.8351,4.5145,1
1.4246,11.082,1
6.358,-1.5029,1
-6.0826,8.2797,1
-9.1296,-0.63309,1
4.909,-5.2207,1
1.809,-7.268,1
-6.8604,-5.298,1
4.906,10.434,1
-2.5927,10.564,1
-6.1139,-5.9551,1
-7.5532,6.6613,1
6.3175,-0.12896,1
3.9329,10.729,1
0.66331,11.077,1
5.5264,-4.4233,1
4.5399,3.5939,1
0.74122,4.8921,1
5.3407,-4.3974,1
5.7976,1.919,1
-3.2072,1.1444,1
-2.7735,-7.4926,1
5.132,-4.8349,1
-9.1953,2.6607,1
-1.9483,-7.8185,1
4.472,3.5808,1
2.5661,4.661,1
0.2479,11.136,1
3.6091,10.837,1
-3.7423,-7.2841,1
3.0775,11.032,1
6.2778,-2.0457,1
1.9084,11.077,1
-4.5066,-7.0374,1
-2.8485,10.456,1
-4.068,9.829,1
-8.4832,5.1562,1
-7.9145,6.3036,1
4.6097,-5.4987,1
-3.0774,0.061415,1
3.4369,4.246,1
-6.4653,-5.6123,1
-7.327,7.0426,1
-3.0921,0.086625,1
-3.326,10.143,1
-7.1609,7.1371,1
6.3515,-1.9162,1
-5.2064,-6.6922,1
3.8537,10.679,1
6.1464,0.99159,1
2.4268,11.06,1
3.7829,4.1557,1
4.699,-5.3367,1
-8.9267,4.1603,1
-6.8381,7.6138,1
-9.3891,0.93057,1
5.0928,-4.9699,1
-1.5011,-1.5387,1
-9.1846,-0.16608,1
-9.1643,2.6424,1
-9.2918,2.1899,1
3.19,-6.5315,1
-9.4324,1.9397,1
-0.55972,11.067,1
-2.3927,10.618,1
-8.3005,-3.3972,1
-8.1106,-3.5489,1
-0.38655,11.111,1
4.7165,-5.3876,1
-9.3879,1.434,1
2.3692,-7.1077,1
5.6766,10.181,1
-6.9815,7.3643,1
4.882,3.1783,1
5.6119,-4.0689,1
-4.3174,9.7632,1
3.5593,10.896,1
1.5534,4.8153,1
-6.1887,8.2735,1
-7.9913,-3.5623,1
1.0621,4.9149,1
-3.2157,1.1923,1
5.0206,-5.0675,1
-8.215,-3.3532,1
1.6206,11.035,1
-3.2078,0.37429,1
-5.1062,9.1201,1
-9.2961,2.5904,1
-8.0898,5.9704,1
-9.0047,-1.7221,1
4.5383,-5.4787,1
2.4064,4.6767,1
-8.7788,4.3033,1
-7.3791,7.0647,1
-0.060472,11.133,1
3.8998,-6.1979,1
4.8506,3.1208,1
6.4457,0.049478,1
-7.109,7.3473,1
-3.1597,10.231,1
-8.4897,-2.7522,1
-7.5903,6.7005,1
-3.1699,0.52424,1
0.79134,4.9726,1
3.6852,4.272,1
-9.0172,3.6088,1
-8.0449,-3.6806,1
5.2075,2.778,1
3.4581,-6.5158,1
-8.0093,-3.5374,1
-2.9088,2.5364,1
-8.5811,4.9432,1
3.4516,-6.5066,1
-9.3362,0.81993,1
-9.2784,2.205,1
-0.48828,10.996,1
-4.5399,9.4976,1
4.0781,3.8596,1
-7.7708,-4.2247,1
-9.0649,-1.277,1
5.7796,10.086,1
-2.0555,-1.3299,1
2.6766,4.6672,1
2.1324,4.8495,1
2.1773,-7.2634,1
3.4427,10.786,1
-1.1355,-7.7228,1
-9.322,1.8458,1
-3.2106,10.236,1
1.6775,4.8493,1
-8.7899,4.324,1
-8.6113,-2.7152,1
0.55791,4.8829,1
3.9762,-6.0929,1
4.4866,3.6268,1
-2.5339,2.9445,1
-7.4493,6.848,1
-1.7541,4.0362,1
4.7106,3.2571,1
-1.4198,4.1797,1
2.256,-7.0376,1
3.6668,10.885,1
-8.9444,3.6787,1
6.3769,-1.0404,1
-1.765,4.0109,1
-0.10932,4.7672,1
-9.382,0.10384,1
-9.2314,3.0036,1
-3.1429,-7.5298,1
2.9392,4.5437,1
-8.762,4.6539,1
-8.6917,-2.3118,1
4.9897,3.1784,1
-8.5802,4.8712,1
4.3363,10.746,1
-3.2487,1.2923,1
3.9763,3.9446,1
1.9168,-7.3435,1
5.2408,10.383,1
2.1337,11.128,1
6.1443,1.1193,1
-2.1621,10.676,1
-6.0241,8.5345,1
-8.8437,4.4831,1
-2.9974,1.9872,1
5.3119,-4.6826,1
-9.1056,3.658,1
2.0429,-7.2263,1
1.6757,4.8909,1
4.366,-5.6682,1
-2.937,-0.25964,1
-1.0529,4.3471,1
-9.199,3.1482,1
-8.887,4.2603,1
3.2098,10.99,1
4.6676,3.4871,1
-9.291,2.2617,1
-8.7296,-2.2772,1
-9.3057,-0.26912,1
4.8458,10.587,1
-4.3924,-6.9928,1
-8.0397,-3.7324,1
2.0971,4.737,1
-0.88363,11.034,1
6.0618,1.3052,1
-0.90839,-7.8162,1
5.8844,-3.5928,1
-9.0765,3.2642,1
-0.83685,-7.7472,1
-2.844,-0.54568,1
-8.6583,-2.6108,1
4.2986,10.646,1
3.1433,10.936,1
1.6808,-7.3825,1
-9.4381,1.9061,1
-5.6535,8.7931,1
-8.5417,5.212,1
5.8272,-3.9315,1
6.3529,0.11273,1
5.8979,1.7469,1
1.9825,4.7792,1
2.8939,-6.7824,1
5.8374,1.7492,1
0.16726,4.7551,1
0.31783,11.075,1
3.8967,3.9994,1
-0.73662,10.993,1
-9.1109,-1.3315,1
4.4355,10.523,1
2.216,-7.0857,1
5.4942,10.123,1
-8.7662,4.7386,1
-6.0281,8.477,1
-8.3238,-3.0989,1
4.6151,3.531,1
-4.5842,-6.9234,1
-0.67256,-1.7304,1
1.5089,-7.5314,1
5.9332,1.475,1
-8.8951,4.0909,1
-7.9535,-3.7434,1
-3.7935,-7.2474,1
-9.474,1.3324,1
-9.4003,0.22882,1
-3.0553,0.45377,1
-1.2755,4.3455,1
-3.0797,1.8787,1
-3.9056,10.035,1
4.2151,-5.9018,1
-2.0648,-1.2179,1
4.997,-4.9366,1
-7.4279,6.9176,1
-0.27822,11.009,1
-7.9327,6.1299,1
-4.46,-7.0292,1
-8.4515,-3.0073,1
4.4859,10.578,1
-0.045005,11.163,1
-1.8241,10.674,1
1.0886,11.178,1
-7.8172,6.4855,1
-9.1718,-0.64493,1
6.4574,0.14591,1
-0.93619,4.5217,1
2.6648,4.6308,1
6.4386,-0.57998,1
6.5115,-1.4965,1
-8.9683,3.995,1
-9.3564,2.4585,1
-8.3586,-3.3573,1
-7.8897,-3.7966,1
-9.4576,1.5194,1
-5.2591,-6.5745,1
-8.2101,-3.6535,1
4.0987,-6.0472,1
0.34527,4.877,1
2.5398,4.7024,1
4.0723,3.8548,1
-7.3643,-4.7247,1
6.0412,-3.3433,1
-8.939,4.0476,1
-3.2537,1.1948,1
0.52674,11.123,1
6.2194,-2.4724,1
2.0874,11.025,1
4.2539,10.679,1
-6.8934,-5.2716,1
-9.193,3.2585,1
-8.7277,-2.4977,1
-9.402,2.2287,1
-5.5682,8.8878,1
-3.0219,0.011133,1
-5.9985,8.398,1
-8.5364,-2.7973,1
3.006,4.5753,1
-0.0028818,-7.7616,1
4.7645,10.596,1
3.3757,4.3695,1
1.8285,11.04,1
2.9318,-6.7273,1
-4.3405,9.584,1
2.6277,-6.9636,1
-0.60154,11.018,1
-5.9697,-6.1536,1
-1.6377,3.9458,1
3.5383,-6.3296,1
3.474,-6.5738,1
-4.8948,9.3409,1
1.7797,4.9148,1
-2.9205,2.6109,1
4.1215,10.644,1
-9.2148,-0.47521,1
-8.1692,5.665,1
-9.4291,1.893,1
-0.43396,-7.7919,1
-8.7294,4.6781,1
-4.5945,9.5214,1
-7.5335,6.6952,1
-4.7842,-6.9044,1
-0.74895,-7.8354,1
-5.0308,-6.8,1
1.1955,-7.4987,1
2.9072,10.923,1
-7.7379,-4.1997,1
-0.95399,4.4886,1
-7.9807,-3.9704,1
4.3686,10.54,1
2.0767,11.063,1
-3.0038,10.314,1
5.8964,-3.6411,1
-8.1313,-3.5432,1
0.33589,11.176,1
-0.33796,-7.7494,1
-8.81,-2.0221,1
-9.4689,1.2306,1
-3.7692,-7.2809,1
-1.518,10.838,1
-9.1846,-0.32658,1
5.4684,-4.3688,1
-9.1092,-0.83581,1
-4.0433,9.7602,1
-9.4108,1.47,1
0.96689,4.9062,1
-9.2715,1.4926,1
-2.0657,3.5791,1
0.4178,-7.7127,1
5.3977,2.4511,1
4.8225,10.573,1
-6.2529,8.3961,1
-0.89066,10.948,1
5.9103,1.6914,1
-3.2627,-7.5447,1
4.0842,-5.9872,1
-9.324,0.30206,1
-0.57618,-7.845,1
-3.0501,1.5432,1
6.0106,1.1218,1
-6.0778,8.4233,1
-8.6581,-2.5203,1
-6.7127,-5.3257,1
3.4883,10.978,1
-5.93,8.5382,1
-7.3065,-4.6671,1
-4.0842,-7.1673,1
1.8966,11.183,1
-9.2783,0.62647,1
1.0874,11.23,1
-1.7518,3.9856,1
0.18771,-7.6945,1
1.455,11.216,1
-1.2145,-7.9053,1
5.7534,2.0705,1
-8.6169,-2.6334,1
-3.12,0.34942,1
2.047,11.055,1
3.1452,10.973,1
-5.7246,8.778,1
4.1333,-6.0096,1
6.3085,-2.1436,1
2.1105,11.179,1
1.1294,-7.592,1
-6.9564,7.5837,1
5.5853,-4.3317,1
3.8178,10.822,1
-5.6429,8.7731,1
-9.3418,0.76104,1
-8.6629,4.4751,1
5.3569,2.429,1
-1.7009,4.0308,1
3.0894,10.991,1
-7.447,6.747,1
-2.3869,3.3294,1
0.053877,4.8146,1
3.6719,4.2897,1
-2.1422,3.5873,1
2.7581,4.5543,1
-8.1115,6.0515,1
6.4167,-0.18393,1
-0.98429,4.4768,1
5.3859,2.6395,1
-8.0959,-3.7238,1
-1.7056,-1.4527,1
6.2341,-2.8806,1
3.7329,-6.2476,1
5.3369,2.6084,1
-7.1562,7.1626,1
-8.5506,-2.6363,1
0.4162,4.7842,1
-9.2649,1.9042,1
2.6962,-6.9864,1
3.5565,10.831,1
-7.2438,7.0353,1
2.0423,11.163,1
-5.5244,8.9007,1
-2.2978,-1.138,1
-2.5697,10.54,1
6.3196,-1.717,1
0.45279,-7.6453,1
-8.7618,4.6956,1
3.494,-6.5164,1
-8.077,-3.6893,1
-6.2283,-5.8656,1
-9.2799,1.7936,1
1.6097,-7.4054,1
-0.59716,10.956,1
2.206,11.166,1
-0.17519,-7.8196,1
0.501,4.967,1
6.1582,-2.7173,1
-1.1345,10.957,1
-7.3713,6.9902,1
-7.2487,-4.7082,1
-9.2721,-0.59348,1
3.427,4.2832,1
-8.8168,4.0894,1
1.5482,-7.45,1
-6.8423,7.6116,1
0.42688,-7.6254,1
2.1705,4.73,1
5.2704,2.8642,1
3.1785,11.019,1
2.2562,-7.126,1
1.7636,4.9152,1
1.9733,-7.3422,1
-2.1463,-1.168,1
-9.3657,1.8832,1
-7.4197,-4.5833,1
-9.2697,2.4339,1
3.3045,-6.6576,1
-3.124,2.0105,1
5.446,-4.2935,1
-1.7333,10.806,1
5.4301,-4.454,1
-9.2517,0.077977,1
-9.3994,1.4625,1
-1.337,-1.6483,1
-8.8381,4.362,1
5.6364,10.192,1
-8.392,-2.8751,1
-8.7972,4.4617,1
4.2992,10.644,1
-5.2458,9.1129,1
1.2127,-7.4884,1
-0.54127,4.7072,1
0.39139,-7.6899,1
-8.5064,5.0239,1
5.4962,-4.255,1
-8.6177,-2.5892,1
-8.1493,-3.3747,1
-8.4308,-3.1565,1
-7.7397,6.36,1
2.9577,-6.8303,1
2.1269,-7.3183,1
6.3931,-1.1786,1
-1.2159,4.2569,1
-5.0555,-6.5112,1
-9.026,-1.4083,1
-8.2375,-3.2717,1
6.4302,0.068729,1
-6.0174,-6.005,1
-1.2728,-1.7658,1
-2.6779,10.52,1
6.5115,-1.3605,1
2.6495,11.028,1
-9.2437,2.408,1
-3.1308,1.2043,1
0.4343,11.068,1
-1.8917,10.648,1
6.4584,-1.3868,1
-9.2849,0.55776,1
6.3389,0.34257,1
-9.263,2.3942,1
-9.3384,-0.10738,1
3.3361,-6.5163,1
-0.58863,-7.8552,1
-1.4377,4.0778,1
4.2784,10.668,1
-1.6488,-7.8483,1
-8.8694,-2.1932,1
-2.0077,10.69,1
5.7265,1.9887,1
2.5004,11.129,1
3.2701,4.422,1
-9.2118,-0.92174,1
-5.8604,-6.1633,1
-3.7352,-7.4045,1
6.4692,-0.66604,1
-0.11387,11.137,1
6.2846,0.7137,1
2.7192,-6.9915,1
-8.1051,-3.4729,1
-9.3587,2.3752,1
-3.278,10.14,1
0.45257,11.078,1
3.8634,10.9,1
2.2401,11.034,1
4.0059,3.9609,1
1.7967,-7.2345,1
3.6908,-6.3736,1
0.22067,-7.6463,1
-0.81035,-7.7825,1
2.2157,4.8525,1
-0.64541,-7.758,1
4.776,-5.3247,1
-2.5362,3.1437,1
0.67681,11.213,1
-1.9566,-7.6843,1
-9.2244,-0.074171,1
0.78828,-7.5681,1
-0.96358,4.408,1
-9.2292,-0.53906,1
-3.4959,-7.4584,1
-1.042,-7.7352,1
1.0058,4.8608,1
-8.3081,-3.0778,1
4.518,10.537,1
6.4369,-1.6091,1
3.3962,10.988,1
-9.2347,3.1182,1
-6.7679,7.6633,1
-9.008,3.4155,1
-6.7096,-5.3051,1
-3.3499,10.278,1
3.8157,-6.2033,1
-4.8634,-6.7689,1
-7.8797,6.1861,1
1.3858,11.229,1
1.622,-7.5024,1
0.64106,11.099,1
-8.0883,5.843,1
-3.2778,1.1629,1
2.9104,11.054,1
-5.229,-6.4493,1
-9.2866,1.7465,1
-0.028199,4.7082,1
-5.5101,8.9405,1
6.381,-2.2749,1
-9.3149,2.2768,1
-2.9662,0.14908,1
-1.0454,4.3903,1
4.8094,3.3369,1
0.43262,11.06,1
-8.4307,-3.1035,1
6.2481,0.82143,1
-7.3247,-4.8554,1
5.3971,10.191,1
6.3643,-0.40803,1
4.1813,3.8496,1
-6.0042,8.5394,1
-1.7982,10.866,1
-7.1764,-4.869,1
-1.2517,-7.9013,1
-0.97099,-7.763,1
-9.282,2.3104,1
-3.1387,0.41297,1
-8.8113,4.0297,1
-9.0229,-1.5947,1
0.19415,-7.7475,1
-6.401,-5.7384,1
-3.9242,9.8757,1
-4.053,9.9055,1
-1.8331,3.9081,1
-1.0806,-7.7843,1
3.7715,-6.1971,1
-9.4065,1.0832,1
3.0088,10.919,1
2.998,10.878,1
-2.9973,2.2196,1
-8.9447,3.619,1
6.4831,-1.7876,1
-3.1015,10.312,1
5.6961,-3.7017,1
-9.2377,2.5574,1
1.3936,11.226,1
-3.547,10.212,1
2.796,4.6105,1
-5.5103,8.8572,1
1.3273,11.068,1
5.6169,-4.1029,1
6.2967,-2.5873,1
-8.909,-1.6807,1
4.0866,3.8339,1
-3.6857,-7.3855,1
0.056294,11.149,1
3.2801,10.983,1
-4.7733,9.4692,1
5.2921,2.9159,1
5.2931,2.6317,1
-8.9191,3.7304,1
-0.99181,4.4474,1
3.6825,4.1498,1
6.3626,-0.74739,1
6.3908,-0.20124,1
3.0703,-6.7592,1
4.8641,3.3359,1
-6.6585,-5.3394,1
-8.7346,4.4323,1
6.3365,-2.5853,1
-4.6096,9.4749,1
6.0403,-3.2936,1
2.8899,11.039,1
-8.7085,4.2882,1
4.8187,10.607,1
5.7753,1.8411,1
5.4788,10.22,1
6.4692,-1.0061,1
6.2714,-2.302,1
3.5888,10.872,1
2.0736,4.8587,1
-4.3213,9.6791,1
0.017106,-7.8078,1
5.9416,1.5046,1
0.99242,-7.6365,1
-9.0009,-1.6323,1
-9.1816,-0.27953,1
-9.0913,3.5102,1
-6.2279,-5.8293,1
-8.5256,-2.8818,1
-3,0.12191,1
-6.8898,-5.2499,1
-9.3562,1.4632,1
-0.63499,4.5767,1
-2.0506,3.5777,1
0.99529,-7.5879,1
-1.4503,-1.5363,1
-9.1012,-1.5563,1
2.1484,11.149,1
-9.2386,-0.73239,1
-8.4395,5.1467,1
-3.5525,10.034,1
4.0492,4.0932,1
-5.4973,8.7341,1
-9.4422,0.35668,1
-9.3182,0.23491,1
5.1412,10.315,1
3.2535,4.486,1
2.9251,-6.9163,1
-5.7227,-6.2157,1
6.2881,0.11688,1
1.6641,-7.4829,1
-6.4621,8.1703,1
6.3833,0.1145,1
-3.2263,0.60917,1
0.88106,4.9717,1
-7.3637,6.9677,1
-0.020394,11.062,1
-8.2947,5.6639,1
-5.6377,8.7804,1
1.4272,4.8368,1
-7.6974,6.5271,1
-4.1554,9.7012,1
6.1934,-2.4302,1
1.9995,-7.2951,1
-3.221,1.5088,1
5.9192,-3.7011,1
-3.1926,0.59742,1
-5.1814,-6.4696,1
-7.0175,7.4926,1
-1.4718,-7.8237,1
-2.3028,10.565,1
-9.0786,3.4325,1
-5.6421,-6.4159,1
2.1596,11.147,1
-2.4833,-7.5608,1
-6.5626,-5.4008,1
-0.86142,-1.7939,1
-8.8479,-1.8733,1
-9.4296,1.0951,1
-7.5354,-4.5304,1
0.52881,11.145,1
4.258,10.685,1
-8.7749,-2.0852,1
-8.8971,4.396,1
6.2516,-2.2567,1
-8.4151,-3.2388,1
-7.8004,6.3101,1
1.1202,11.151,1
-1.8644,-7.7863,1
-7.9619,6.1209,1
-7.5731,6.6703,1
1.3035,-7.549,1
-7.2434,-4.8078,1
-4.5814,9.4843,1
-0.37155,4.6571,1
-1.1013,4.4788,1
-8.8868,4.301,1
-6.3125,8.157,1
-9.4138,1.0137,1
2.4657,-7.0705,1
4.7769,3.2285,1
6.4319,-2.1703,1
-2.0552,-7.7921,1
6.4162,-2.0487,1
0.96847,11.217,1
2,11.135,1
-0.93383,-7.8075,1
3.0459,-6.8648,1
3.7638,10.737,1
0.94065,4.9718,1
6.183,0.80089,1
-0.93918,4.4903,1
-8.9512,-1.6141,1
-6.1228,8.474,1
5.1058,2.9339,1
6.2744,-2.6807,1
4.5378,10.58,1
-3.0008,10.39,1
4.3506,-5.6859,1
-6.0049,-6.0561,1
6.4214,-1.477,1
-8.2639,-3.2734,1
-3.1695,1.215,1
-3.2151,1.6945,1
-3.0786,-7.5471,1
-2.1863,-7.6205,1
-8.1244,-3.6092,1
-0.30461,11.013,1
6.4326,-1.1126,1
2.141,11.171,1
6.4195,-2.2171,1
-0.83998,10.949,1
-6.2557,8.1996,1
-4.1816,-7.1159,1
-7.3508,-4.7124,1
3.7753,-6.3883,1
-8.965,3.8941,1
4.5113,-5.4812,1
-3.0541,1.5768,1
-2.5734,10.574,1
6.2362,-2.448,1
-1.5791,4.1488,1
3.1779,10.954,1
4.0465,10.769,1
-3.0661,10.265,1
-0.38087,4.7427,1
4.0928,3.8249,1
-8.6506,-2.7173,1
-9.3333,0.41067,1
4.4007,3.6605,1
-4.7584,-6.9252,1
-3.5731,-7.4343,1
1.4696,11.073,1
1.288,11.232,1
-3.1237,0.3966,1
-3.8888,-7.2888,1
5.1961,2.9444,1
0.082808,-7.7348,1
-6.7008,-5.2718,1
1.9413,4.8173,1
-0.70656,10.915,1
6.5066,-1.2859,1
3.161,4.3635,1
6.0957,-2.7859,1
-3.8775,9.9788,1
-9.3963,0.16419,1
-4.2773,9.6959,1
2.3094,-7.1773,1
-2.7851,-0.46326,1
-9.1547,-0.88682,1
-5.7582,-6.1643,1
4.8841,3.2167,1
-0.27045,4.753,1
5.0313,3.0102,1
-8.5494,4.92,1
-7.5215,6.6985,1
5.6385,2.158,1
-9.0456,-1.1704,1
1.6333,11.217,1
-7.6023,-4.3037,1
1.7555,4.9527,1
-4.5387,-7.0071,1
4.6829,10.567,1
-8.1031,-3.5703,1
4.0065,10.727,1
4.3341,3.68,1
-9.2204,2.9235,1
-6.8956,-5.1066,1
-4.1506,-7.1122,1
4.6952,-5.5289,1
3.3649,-6.4517,1
3.5104,4.2479,1
-3.0137,-7.5959,1
-2.7722,-7.5481,1
-5.5347,-6.3323,1
-9.3007,0.99896,1
4.9617,3.2193,1
-3.3966,10.236,1
-0.45736,-7.8913,1
-6.6637,7.8733,1
-2.5673,-0.78836,1
4.4086,-5.6754,1
2.1355,4.8249,1
-8.0769,5.972,1
-4.877,9.2676,1
6.3189,-0.015951,1
4.5693,10.644,1
5.3851,2.5954,1
6.0123,1.4833,1
1.6236,11.029,1
3.8026,-6.2788,1
4.6543,-5.2904,1
2.0628,-7.1912,1
-6.9523,7.4631,1
-8.7448,-2.3098,1
-4.1154,9.8224,1
0.42047,4.7951,1
-4.8327,9.3207,1
-6.4418,7.9414,1
2.8918,4.4875,1
-9.4052,1.6537,1
-5.9342,8.5579,1
-7.1741,-4.8885,1
-7.6924,6.5577,1
0.78599,-7.566,1
-9.3353,2.7582,1
1.094,11.145,1
-7.7186,6.5995,1
-3.0061,10.404,1
-3.2049,1.1443,1
-8.7248,4.6723,1
-9.3577,0.47382,1
3.9218,10.78,1
2.3743,4.7991,1
-7.5212,-4.4988,1
-0.89208,-1.7407,1
6.277,0.92435,1
4.733,-5.2973,1
0.46802,11.169,1
-8.7634,-2.3536,1
-8.6997,4.7106,1
-2.9495,-0.42391,1
2.7949,-6.9406,1
-1.8783,3.9396,1
5.3873,-4.4477,1
5.2127,-4.6671,1
-3.1586,0.1722,1
-8.0806,-3.5911,1
6.5302,-0.83643,1
-1.2214,-7.7508,1
-8.1828,-3.6097,1
1.4152,-7.452,1
-8.3463,-3.2481,1
-6.2352,8.4188,1
-3.1543,1.4748,1
-7.4085,-4.5443,1
-5.6374,-6.1938,1
-5.0248,-6.6321,1
6.0432,-3.4076,1
5.1856,10.444,1
0.64288,-7.6238,1
-0.016976,4.8436,1
5.6048,-4.0786,1
3.391,4.3158,1
-7.0371,7.4878,1
-0.79087,11.032,1
3.0016,4.5993,1
-2.456,3.2782,1
-4.4588,9.5818,1
-3.6593,10.002,1
-3.1853,0.40647,1
-9.1023,-1.326,1
-5.1256,9.2344,1
5.6752,-3.8908,1
-9.0919,3.6252,1
3.4953,-6.5298,1
4.9342,-4.9553,1
5.1277,10.402,1
-8.456,-2.9149,1
-8.0941,-3.5809,1
-7.6915,-4.1019,1
-9.2692,1.987,1
2.4329,4.6525,1
-3.1159,2.0871,1
-7.2911,-4.8592,1
-5.7528,8.7161,1
-0.14516,-7.791,1
-7.9234,-3.8306,1
-3.3278,-7.4416,1
-9.2814,0.29728,1
2.7492,10.942,1
-8.3131,5.4652,1
-0.51007,-7.8414,1
2.2092,-7.123,1
-3.8427,-7.2527,1
-7.2774,7.0577,1
-2.1941,10.709,1
0.40911,-7.6997,1
6.5142,-1.2179,1
-6.5287,8.0448,1
-1.8505,-7.7662,1
3.5027,4.2315,1
-5.6616,-6.2662,1
0.78192,4.8839,1
-9.0963,3.3696,1
-8.1121,-3.6332,1
2.4058,4.7171,1
-7.3006,-4.6971,1
4.7182,10.53,1
-5.3637,9.0806,1
5.842,1.7911,1
-9.3357,1.6318,1
-2.014,-7.7081,1
-6.5146,-5.5946,1
-6.4705,-5.5984,1
6.457,-1.9807,1
4.8533,-5.2722,1
0.66125,11.094,1
-2.7165,-7.6522,1
-8.4306,5.2567,1
-0.35804,-7.7515,1
6.1193,1.0865,1
-5.9683,-6.1078,1
-2.5842,-0.90989,1
-5.1027,-6.5809,1
-0.50551,4.525,1
5.8023,-3.8686,1
4.8769,3.2442,1
6.1169,-2.6128,1
1.3157,11.118,1
-2.4831,3.0811,1
0.11498,11.19,1
4.8248,-5.2292,1
1.8816,-7.1962,1
-2.9716,2.3229,1
-8.5142,4.8244,1
-0.26675,11.072,1
-1.945,-7.649,1
2.8692,-6.8044,1
-6.5945,7.9012,1
0.30825,-7.6854,1
1.7396,4.8373,1
-7.4768,-4.6302,1
5.1853,-4.8434,1
-3.656,10.131,1
4.1444,-5.8766,1
3.8407,10.748,1
-8.2299,5.5194,1
-8.049,6.0476,1
-7.4423,6.9388,1
1.788,11.064,1
-7.0961,-5.0914,1
-7.6886,6.4987,1
6.1156,1.0979,1
-8.2827,5.3782,1
-9.3472,-0.47963,1
-5.1107,9.2589,1
6.282,0.2733,1
1.8208,4.9207,1
-8.0944,-3.5255,1
-4.8577,-6.7021,1
5.5691,10.083,1
3.1909,11.002,1
3.9477,-6.0947,1
-1.3497,10.91,1
0.95024,5.0005,1
-1.3,4.1945,1
4.5811,-5.5165,1
-0.17251,11.161,1
-2.6051,2.9318,1
-7.2973,7.2267,1
1.4533,-7.5221,1
4.8728,10.563,1
-5.9962,-5.9241,1
0.62361,-7.6713,1
-6.6418,7.8072,1
-9.2179,2.5173,1
3.7053,-6.4257,1
-1.1317,4.2848,1
-9.1019,3.3848,1
-9.2292,-0.13774,1
-6.2067,-5.902,1
6.0903,-2.795,1
6.5142,-1.5143,1
-8.7719,-2.2311,1
-1.6332,4.0168,1
-3.29,-7.5089,1
-0.24223,-7.821,1
-1.4832,10.93,1
2.1629,11.153,1
4.5614,3.4439,1
-0.043853,4.7858,1
-3.901,-7.22,1
5.2216,10.34,1
-8.8347,4.4112,1
-3.0251,-7.6018,1
-2.7764,2.6788,1
1.4,4.8131,1
-3.134,1.8553,1
-2.7597,2.4785,1
-4.8163,-6.8568,1
-9.0551,-1.1595,1
-3.2182,0.80845,1
-7.2663,7.2326,1
6.1931,0.87882,1
-2.7719,10.428,1
3.013,-6.8221,1
-4.4658,-7.0552,1
0.43377,4.9437,1
-8.3439,5.3387,1
4.4163,10.73,1
-2.7522,2.4892,1
-0.4989,4.7514,1
-2.264,10.551,1
2.428,-7.0931,1
-8.6045,-2.7466,1
5.4641,-4.2891,1
6.3616,0.06508,1
1.3,-7.428,1
2.5823,-6.9752,1
-2.5496,10.578,1
-6.9177,-5.3113,1
6.408,-0.90287,1
-6.0871,-5.9479,1
0.66628,-7.6782,1
-2.2648,-7.7963,1
-1.752,3.9402,1
2.091,11.049,1
-2.8813,-0.15391,1
-2.2692,-7.6317,1
4.5505,10.54,1
6.4565,-1.356,1
-1.4714,4.2357,1
-3.1534,-7.5657,1
-9.0183,-1.5605,1
-2.4861,10.528,1
-8.0263,-3.538,1
-4.0895,-7.2084,1
-1.481,4.0681,1
-9.088,3.1051,1
0.74636,4.9556,1
5.2294,10.308,1
4.8006,3.2739,1
-3.5584,-7.3362,1
-6.1543,8.2361,1
-7.0163,-5.0536,1
1.029,11.113,1
1.8345,4.8211,1
1.0943,-7.6431,1
4.2509,10.763,1
-9.1571,2.9518,1
-9.4423,1.2138,1
-7.1254,7.2049,1
6.4522,-0.67846,1
-6.1244,8.4926,1
-9.3414,1.2986,1
-3.4803,-7.4608,1
0.5947,-7.7453,1
-9.1178,-1.2833,1
-6.3319,8.2429,1
1.3627,-7.4303,1
-7.7739,6.3759,1
-9.3441,1.0117,1
-2.8548,-7.584,1
-3.921,-7.233,1
-3.0905,0.57688,1
4.4441,3.7274,1
5.9802,-3.3546,1
-8.348,5.29,1
-3.2244,10.211,1
-4.9738,9.2895,1
1.8802,-7.4091,1
-1.2592,-1.7356,1
5.5508,10.233,1
-6.7797,-5.2873,1
2.3673,4.7747,1
-2.8872,-0.36823,1
-2.6407,10.531,1
-9.0072,-1.5841,1
4.5858,-5.5014,1
-8.9751,3.8002,1
-3.3878,-7.5147,1
5.2748,2.7025,1
-0.65873,10.917,1
2.9347,11.069,1
-4.5887,-6.9151,1
-9.0406,3.4014,1
-9.2071,2.8178,1
2.4209,4.7736,1
0.46528,-7.776,1
5.8564,10.118,1
2.9029,-6.7057,1
-2.5059,10.598,1
-0.17626,-7.8518,1
-9.3902,0.19603,1
5.7855,10.007,1
-9.3419,0.4263,1
6.1332,1.1159,1
-0.63301,4.5587,1
1.254,11.196,1
-8.7656,4.4484,1
3.4825,-6.4067,1
-2.4292,-0.93411,1
1.0996,-7.5946,1
5.8804,-3.4811,1
4.7716,10.486,1
-8.235,5.3625,1
-0.063712,-7.7073,1
4.1526,10.683,1
-9.4433,1.3014,1
-8.9502,-1.697,1
6.4396,-1.2852,1
-4.611,9.5857,1
-2.0217,-7.7287,1
-1.1271,10.98,1
2.6656,-6.8988,1
-4.6881,-6.9858,1
-2.6929,2.9734,1
3.3371,4.452,1
6.3921,-1.1222,1
6.3108,0.10056,1
-1.9416,3.7394,1
-1.9054,-7.8151,1
0.40793,11.212,1
0.9041,-7.6111,1
-6.0549,8.5179,1
5.5148,10.149,1
-7.5541,6.7543,1
5.3897,2.493,1
6.3529,-2.3943,1
-7.1695,7.3241,1
4.9692,10.53,1
6.3705,-1.4256,1
0.053665,11.079,1
6.3379,-2.2717,1
-8.7662,4.7225,1
-9.281,-0.3127,1
2.9673,11.052,1
-6.6297,-5.6457,1
4.8932,3.1275,1
6.3679,-1.0352,1
-1.3977,4.3199,1
-3.1211,0.53679,1
-3.3287,10.17,1
-8.8002,4.2292,1
-0.96617,11.044,1
4.2977,-5.8238,1
2.1638,-7.2805,1
-5.9465,-6.0772,1
3.8795,-6.1102,1
-0.91365,10.987,1
-2.9404,-0.098106,1
2.696,4.6369,1
-5.8709,-6.0951,1
-2.6425,2.9629,1
3.0632,-6.7046,1
4.697,10.611,1
-9.1635,3.4191,1
-6.4612,8.1252,1
-2.8087,-0.62382,1
5.267,2.8854,1
-0.29721,4.6364,1
6.2795,0.21563,1
-8.0171,-3.7501,1
3.1446,10.887,1
-7.9098,6.3185,1
-9.2244,2.8826,1
6.4315,-0.15019,1
-0.60477,11.097,1
-8.2065,5.519,1
-7.9827,5.9677,1
-6.928,-5.3201,1
5.5163,-4.253,1
-8.8694,-1.7418,1
-8.0282,5.8227,1
0.0072887,11.101,1
-8.7107,4.833,1
-9.2793,1.4045,1
-5.7932,8.5305,1
6.3078,-1.8683,1
-3.5441,-7.2727,1
-0.41813,11.147,1
-7.0734,-5.145,1
-9.1041,3.1453,1
-9.3746,1.7918,1
-5.0581,9.3561,1
4.1145,-5.9966,1
0.88371,11.103,1
-3.485,10.022,1
-1.501,4.1681,1
-8.3936,-3.2324,1
-3.9553,9.9683,1
-7.025,7.4971,1
4.0518,10.798,1
5.9238,1.4913,1
-8.716,-2.1809,1
4.1745,3.7344,1
-1.6026,10.749,1
0.3729,11.118,1
2.5556,4.6535,1
5.7053,10.112,1
-6.558,7.8758,1
-6.8184,7.6555,1
-9.0631,3.631,1
-8.4392,5.3383,1
-4.3132,-7.0943,1
-8.9738,4.1166,1
-9.4459,0.72355,1
-5.7757,8.6278,1
4.2989,3.6359,1
-1.9278,3.7456,1
1.1011,-7.4773,1
-3.194,-7.5252,1
2.6464,11.083,1
-8.591,-2.6129,1
-1.7323,10.648,1
-9.0036,3.7421,1
-5.185,9.08,1
-6.3506,-5.7707,1
6.3281,-2.2357,1
-9.0179,-1.3441,1
2.0063,4.7383,1
1.6226,4.9247,1
-5.6824,-6.2942,1
-8.7164,-2.3108,1
-3.1559,1.0499,1
-9.4736,1.007,1
-8.9778,-1.5424,1
6.3796,-1.1823,1
-6.5766,-5.5961,1
-4.4578,9.6147,1
2.054,-7.2523,1
5.6974,10.12,1
-8.0524,6.1285,1
-9.3942,0.47042,1
2.3158,11.097,1
-8.6014,4.7586,1
-8.38,-3.3132,1
5.026,-4.9168,1
-2.3265,3.3529,1
-2.7063,-0.55114,1
2.3474,4.7908,1
-8.6584,-2.4949,1
6.1748,1.0891,1
-5.3138,-6.4378,1
6.0095,-3.4026,1
-1.9356,-7.7003,1
-5.9527,8.4585,1
-8.276,-3.3248,1
-5.8754,-6.022,1
0.17249,-7.6812,1
6.3719,-0.99544,1
-6.4048,8.0141,1
-6.6496,7.7565,1
6.5346,-0.9604,1
-1.8578,-7.7847,1
1.4522,-7.423,1
4.6749,-5.27,1
-9.269,2.8356,1
-9.353,-0.23154,1
5.7993,10.158,1
4.8646,3.1809,1
4.1602,-5.8332,1
-2.5309,-7.6814,1
3.5003,-6.3995,1
6.3326,0.19095,1
-8.5658,-2.6048,1
6.4459,-0.24928,1
6.3871,-2.1218,1
-8.8068,4.2823,1
2.2142,11.072,1
-0.99,10.848,1
2.696,11.038,1
-3.7755,10.068,1
-1.8392,-7.7275,1
6.457,-1.7382,1
-3.2454,1.0223,1
1.9883,-7.3054,1
6.4424,-1.1461,1
6.41,-0.2566,1
4.5484,-5.6327,1
-2.9158,2.538,1
-9.2316,2.8459,1
2.4847,-7.0549,1
6.2245,0.54454,1
-8.976,3.6952,1
-3.4827,10.112,1
1.2131,4.8798,1
0.40582,4.8539,1
6.0339,-3.179,1
-1.0644,-7.8205,1
-0.85166,10.999,1
-9.2043,-0.20212,1
5.9282,1.6366,1
-4.2166,9.7721,1
-2.6908,-7.6871,1
0.4228,4.8051,1
-8.3941,5.2904,1
-6.5543,8.0749,1
-9.2633,0.0048394,1
-4.3636,-6.9295,1
0.064536,11.104,1
1.816,-7.4633,1
-0.18399,4.7781,1
-1.6166,-7.7983,1
1.2409,-7.5774,1
-7.6445,6.8323,1
4.6416,3.4086,1
-8.9864,3.9433,1
-2.7785,-0.52359,1
-0.72509,10.982,1
2.0785,-7.2499,1
-5.6197,8.7402,1
-1.8839,3.7005,1
-7.0837,7.3179,1
-9.4597,1.3554,1
-4.0251,9.9471,1
2.197,4.8288,1
1.2424,-7.5652,1
0.85325,-7.6326,1
-1.4954,-7.8163,1
4.2582,3.7184,1
-8.4666,4.9119,1
1.801,4.8239,1
2.665,-6.9209,1
4.0015,4.1051,1
-7.9308,6.2482,1
-9.4007,1.4679,1
3.9918,10.715,1
4.7047,-5.2451,1
3.4779,10.877,1
-8.7409,4.3978,1
-4.5806,-6.9102,1
-0.93349,10.88,1
-2.0205,10.693,1
-9.3641,2.454,1
0.31334,4.8051,1
4.2678,-5.8721,1
4.6144,10.63,1
4.8366,3.2568,1
3.1396,11.017,1
-1.2535,4.3586,1
1.1304,11.047,1
-0.40776,-7.7761,1
-1.1286,-1.6258,1
-0.56939,-7.8614,1
4.4565,10.617,1
4.7506,10.593,1
4.1178,-5.9192,1
-2.0895,10.735,1
4.1404,3.9358,1
-8.3233,5.461,1
4.3951,3.6026,1
-2.1792,-1.2611,1
-8.8061,-1.9725,1
2.8327,-6.8959,1
-3.8051,-7.3001,1
-5.7484,8.7118,1
2.1893,4.8792,1
5.9104,1.6733,1
-8.118,5.9335,1
-9.2353,2.5435,1
1.9273,4.8425,1
5.7407,2.0622,1
5.7355,1.7452,1
6.4582,0.16403,1
6.2803,0.21418,1
5.5696,2.1625,1
5.5574,10.248,1
-9.2689,2.6538,1
2.396,4.7865,1
-6.1531,-5.7451,1
-2.6894,2.9735,1
6.4094,-0.65085,1
-4.906,9.4281,1
0.6448,11.201,1
-2.7758,-7.6045,1
6.4596,-1.1525,1
6.154,-2.874,1
-6.1666,-5.7157,1
-1.7644,-7.7197,1
5.2425,2.7081,1
-8.5566,-2.7046,1
-0.24013,-7.8777,1
-1.8349,-1.402,1
1.3828,11.072,1
4.5821,10.547,1
-9.0617,3.5991,1
-8.4663,4.9907,1
-8.8103,4.3793,1
2.1379,4.8737,1
-4.3851,9.6772,1
-3.1976,0.8688,1
-0.94355,-1.7969,1
-0.44023,-1.6588,1
-8.2062,5.7215,1
6.0706,1.274,1
-0.70476,-7.7473,1
-1.4983,-7.7845,1
-0.48619,-7.8235,1
-6.8355,-5.1837,1
-4.5553,-6.998,1
-6.9279,-5.1002,1
5.9523,-3.5929,1
-3.1861,0.58768,1
4.6663,3.483,1
5.4457,2.3883,1
4.044,-5.9369,1
0.98147,11.208,1
-3.4027,-7.4192,1
